ID	HSK_Level	Simplified	Pinyin	Meaning	Examples	Tags	Audio
251-V	HSK 1	爱	ài	aimer, amour	我爱你 - wǒ ài nǐ - Je t'aime<br>爱中国 - ài zhōngguó - Aimé la Chine<br>爱吃 - ài chī - aimer à manger<br>爱好 - àihào - intérêt<br>可爱 - kě'ài - mignon	émotion,quotidien	[sound:hsk1_爱.wav]
282-V	HSK 1	吧	ba	particule suggestion	走吧 - zǒu ba - Allons-y<br>好吧 - hǎo ba - D'accord<br>我们去吧 - wǒmen qù ba - Allons-y<br>是吧 - shì ba - Ouais<br>算了吧 - suàn le ba - Allez, arrêtez-vous.	grammaire,quotidien	[sound:hsk1_吧.wav]
148-V	HSK 1	八	bā	huit	八个人 - bā ge rén - huit personnes<br>八点 - bā diǎn - huit heures<br>八十 - bāshí - quatre-vingts<br>八号 - bā hào - huit jours<br>八月 - bā yuè - août	chiffre,quotidien	[sound:hsk1_八.wav]
243-V	HSK 1	爸爸	bàba	papa	我爸爸 - wǒ bàba - Mon père<br>爸爸工作 - bàba gōngzuò - Le travail de mon père<br>这是我爸爸 - zhè shì wǒ bàba - Ceci est mon père<br>爸爸妈妈 - bàba māma - Ma mère et moi<br>叫爸爸 - jiào bàba - Appeler mon père	famille,quotidien	[sound:hsk1_爸爸.wav]
152-V	HSK 1	百	bǎi	cent	一百 - yì bǎi - cent yuans<br>两百 - liǎng bǎi - deux cents<br>三百 - sān bǎi - trois cents<br>五百块 - wǔ bǎi kuài - quinze cents yuans<br>几百 - jǐ bǎi - quelques cent	chiffre,quotidien	[sound:hsk1_百.wav]
1857-V	HSK 1	白天	báitiān	journée, jour	白天很热 - báitiān hěn rè - Il fait chaud pendant la journée<br>我白天工作 - wǒ báitiān gōngzuò - Je travaille pendant la journée<br>白天他在公司 - báitiān tā zài gōngsī - Il est au bureau pendant la journée	nom,temps,quotidien	[sound:hsk1_白天.wav]
457-V	HSK 1	半	bàn	demi, moitié	半个 - bàn ge - moitié<br>一个半 - yí ge bàn - un demi<br>半小时 - bàn xiǎoshí - moitié d'heure	quantité,temps	[sound:hsk1_半.wav]
040-V	HSK 1	包子	bāozi	petits pains farcis	吃包子 - chī bāozi - Manger des bao zi<br>肉包子 - ròu bāozi - pains à la viande<br>早上我吃包子 - zǎoshang wǒ chī bāozi - Le matin, j' mange des baozi.<br>菜包子还是肉包子？ - cài bāozi háishi ròu bāozi? - Quel type de baozi : aux légumes ou à la viande ?<br>包子很便宜 - bāozi hěn piányi - Les baozi sont très abordables.	nourriture,cuisine,quotidien	[sound:hsk1_包子.wav]
304-V	HSK 1	杯子	bēizi	verre, tasse	这个杯子 - zhège bēizi - Ce verre<br>买杯子 - mǎi bēizi - Acheter un verre<br>水杯子 - shuǐ bēizi - Verre d'eau	nom,objet	[sound:hsk1_杯子.wav]
1858-V	HSK 1	本1	běn	classificateur : volumes, livres; cahier	本1 - běn - classificateur (livres)<br>本子 - běnzi - cahier<br>课本 - kèběn - manuel scolaire	nom,classificateur,éducation	[sound:hsk1_本.wav]
1859-V	HSK 1	边	biān	côté, bord	在这边 - zài zhè biān - De ce côté<br>路边有树 - lù biān yǒu shù - Il y a des arbres au bord de la route<br>河边很漂亮 - hé biān hěn piàoliang - Le bord de la rivière est beau	nom,position,direction	[sound:hsk1_边.wav]
498-V	HSK 1	病	bìng	maladie, malade	生病 - shēng bìng - Malade<br>他病了 - tā bìng le - Il est malade.<br>病了 - bìng le - Malade	nom,santé	[sound:hsk1_病.wav]
169-G	HSK 1	不	bù	ne... pas	不是 - bú shì - Ce n'est pas vrai.<br>我不去 - wǒ bú qù - Je ne vais pas y aller.<br>他不喜欢咖啡 - tā bù xǐhuan kāfēi - Il ne aime pas le café<br>今天不冷 - jīntiān bù lěng - Il n'est pas froid aujourd'hui.<br>不知道 - bù zhīdào - Je ne sais pas.	grammaire,négation	[sound:hsk1_不.wav]
185-V	HSK 1	不客气	bú kèqi	de rien	不客气 - bú kèqi - Pas de problème<br>不用谢 - búyòng xiè - Pas de problème<br>没关系 - méi guānxi - Il n'y a pas de problème<br>别客气 - bié kèqi - Ne sois pas poli<br>应该的 - yīnggāi de - De rien	salutation,politesse	[sound:hsk1_不客气.wav]
1860-V	HSK 1	不要	búyào	ne pas (impératif)	不要走 - búyào zǒu - Ne pars pas<br>不要说话 - búyào shuōhuà - Ne parle pas<br>请不要在这里吸烟 - qǐng búyào zài zhèlǐ xīyān - Ne fumez pas ici s'il vous plaît	verbe,négation,impératif	[sound:hsk1_不要.wav]
055-V	HSK 1	菜	cài	légumes, plat	中国菜 - zhōngguó cài - La cuisine chinoise<br>点菜 - diǎn cài - Commander l'entrée<br>这个菜很好吃 - zhège cài hěn hǎochī - Ce plat est très bon.<br>买菜 - mǎi cài - Acheter des légumes<br>今天吃什么菜？ - jīntiān chī shénme cài? - Quelle cuisine faire aujourd'hui ?	nourriture,cuisine,quotidien	[sound:hsk1_菜.wav]
046-V	HSK 1	茶	chá	thé	喝茶 - hē chá - Bois du thé<br>我喜欢茶 - wǒ xǐhuan chá - J'aime le thé<br>来一杯茶 - lái yì bēi chá - Donne-moi un verre de thé<br>你喝什么茶？ - nǐ hē shénme chá? - Quel thé bois-tu ?<br>中国茶很有名 - zhōngguó chá hěn yǒumíng - Le thé chinois est très réputé	boisson,culture,quotidien	[sound:hsk1_茶.wav]
451-V	HSK 1	唱	chàng	chanter	唱歌 - chàng gē - chanter<br>会唱 - huì chàng - savoir chanter<br>唱得好 - chàng de hǎo - chanter bien	verbe,loisir	[sound:hsk1_唱.wav]
082-V	HSK 1	超市	chāoshì	supermarché	去超市 - qù chāoshì - Aller au supermarché<br>超市买东西 - chāoshì mǎi dōngxi - Acheter des articles au supermarché<br>超市在哪儿？ - chāoshì zài nǎr? - Où est le supermarché ?<br>这个超市很大 - zhège chāoshì hěn dà - Ce supermarché est très grand.<br>超市几点关门？ - chāoshì jǐ diǎn guān mén? - Quelle heure ferme le supermarché ?	lieu,shopping	[sound:hsk1_超市.wav]
362-V	HSK 1	车	chē	véhicule	坐车 - zuò chē - 坐车开车 - kāi chē - Conduire<br>下车 - xià chē - descendre	nom,transport	[sound:hsk1_车.wav]
001-V	HSK 1	吃	chī	manger	我吃饭 - wǒ chī fàn - Je mange<br>你吃什么？ - nǐ chī shénme? - Que mangez-vous ?<br>我想吃中国菜 - wǒ xiǎng chī zhōngguó cài - Je veux manger de la cuisine chinoise<br>你吃过北京烤鸭吗？ - nǐ chī guò běijīng kǎoyā ma? - Avez-vous déjà mangé du canard de Pékin ?<br>我不太喜欢吃辣的 - wǒ bú tài xǐhuan chī là de - Je n'aime pas trop les aliments épicés	verbe,nourriture,quotidien	[sound:hsk1_吃.wav]
032-V	HSK 1	穿	chuān	porter (vêtement)	穿衣服 - chuān yīfu - Se vêtir<br>今天穿什么？ - jīntiān chuān shénme? - Quoi porter aujourd'hui ?<br>她穿得很漂亮 - tā chuān de hěn piàoliang - Elle est très bien habillée.<br>穿鞋 - chuān xié - Porte des chaussures.<br>天冷了，多穿点儿 - tiān lěng le, duō chuān diǎnr - Il fait froid, porte plus.	verbe,vêtements,quotidien	[sound:hsk1_穿.wav]
210-V	HSK 1	出租车	chūzūchē	taxi	打车 - dǎ chē - Prendre un taxi<br>坐出租车 - zuò chūzūchē - Prendre un taxi<br>叫出租车 - jiào chūzūchē - Appeler un taxi<br>出租车在哪儿？ - chūzūchē zài nǎr? - Où est le taxi ?<br>出租车很贵 - chūzūchē hěn guì - Le taxi est cher	transport,voyage,quotidien	[sound:hsk1_出租车.wav]
094-V	HSK 1	大	dà	grand	很大 - hěn dà - C'est grand<br>这个太大了 - zhège tài dà le - C'est trop grand<br>你多大了？ - nǐ duō dà le? - Combien d'années as-tu ?<br>北京很大 - běijīng hěn dà - Beijing est grand<br>我哥哥比我大三岁 - wǒ gēge bǐ wǒ dà sān suì - Mon frère a trois ans de plus que moi	adjectif,quotidien	[sound:hsk1_大.wav]
526-V	HSK 1	打电话	dǎ diànhuà	téléphoner	打电话 - dǎ diànhuà - Téléphoner<br>给他打电话 - gěi tā dǎ diànhuà - lui appeler<br>打个电话 - dǎ ge diànhuà - appeler	verbe,communication	[sound:hsk1_打电话.wav]
560-V	HSK 1	大家	dàjiā	tout le monde	大家好 - dàjiā hǎo - Bonjour à tous<br>大家都 - dàjiā dōu - tout le monde	pronom	[sound:hsk1_大家.wav]
286-V	HSK 1	到	dào	jusqu'à	到了 - dào le - Arrivé<br>到北京 - dào běijīng - À Beijing<br>从家到学校 - cóng jiā dào xuéxiào - De la maison à l'école<br>到家 - dào jiā - À la maison<br>到时候 - dào shíhou - À l'heure	grammaire,quotidien	[sound:hsk1_到.wav]
398-V	HSK 1	大学	dàxué	université	上大学 - shàng dàxué - étudier à l'université<br>大学生 - dàxuéshēng - Étudiant universitaire<br>北京大学 - běijīng dàxué - l'université de Pékin	nom,étude	[sound:hsk1_大学.wav]
316-V	HSK 1	大学生	dàxuéshēng	étudiant(e)	我是大学生 - wǒ shì dàxuéshēng - Je suis étudiant.<br>很多大学生 - hěn duō dàxuéshēng - Beaucoup d'étudiants universitaires<br>大学生的生活 - dàxuéshēng de shēnghuó - La vie étudiante	nom,personne,étude	[sound:hsk1_大学生.wav]
177-G	HSK 1	的	de	particule de possession	我的书 - wǒ de shū - Mes livres<br>好吃的 - hǎochī de - Des aliments délicieux<br>红色的苹果 - hóngsè de píngguǒ - Un pomme rouge<br>这是我买的 - zhè shì wǒ mǎi de - C'est ce que j'ai acheté<br>新来的老师 - xīn lái de lǎoshī - Le nouveau professeur	grammaire,quotidien	[sound:hsk1_的.wav]
474-V	HSK 1	第	dì	préfixe ordinal	第一 - dì yī - premier<br>第二 - dì èr - deuxième<br>第三 - dì sān - troisième	grammaire,quantité	[sound:hsk1_第.wav]
1861-V	HSK 1	店	diàn	magasin, boutique	商店 - shāngdiàn - Magasin<br>这家店很大 - zhè jiā diàn hěn dà - Ce magasin est très grand<br>我开了一家店 - wǒ kāi le yì jiā diàn - J'ai ouvert une boutique	nom,commerce,lieu	[sound:hsk1_店.wav]
1862-V	HSK 1	点1	diǎn	point; petite quantité; moment (heure)	一点儿 - yìdiǎnr - un peu<br>地点 - dìdiǎn - endroit; lieu<br>优点 - yōudiǎn - avantage; point fort	nom,quantité,concept	[sound:hsk1_点.wav]
427-V	HSK 1	电话	diànhuà	téléphone	打电话 - dǎ diànhuà - Téléphoner<br>电话号码 - diànhuà hàomǎ - numéro de téléphone<br>接电话 - jiē diànhuà - répondre au téléphone	nom,communication	[sound:hsk1_电话.wav]
190-V	HSK 1	电脑	diànnǎo	ordinateur	用电脑 - yòng diànnǎo - Utiliser un ordinateur<br>我的电脑 - wǒ de diànnǎo - Mon ordinateur<br>电脑坏了 - diànnǎo huài le - Mon ordinateur est en panne<br>买一台电脑 - mǎi yì tái diànnǎo - Acheter un ordinateur<br>笔记本电脑 - bǐjìběn diànnǎo - Ordinateur portable	technologie,travail,quotidien	[sound:hsk1_电脑.wav]
191-V	HSK 1	电视	diànshì	télévision	看电视 - kàn diànshì - Regarder la télévision<br>电视节目 - diànshì jiémù - Programme de télévision<br>打开电视 - dǎkāi diànshì - Allumer la télévision<br>关电视 - guān diànshì - Éteins la télé<br>电视剧 - diànshìjù - Série télévisée	technologie,loisir,quotidien	[sound:hsk1_电视.wav]
192-V	HSK 1	电影	diànyǐng	film	看电影 - kàn diànyǐng - Regarder un film<br>我喜欢看电影 - wǒ xǐhuan kàn diànyǐng - J'aime regarder des films.<br>电影院 - diànyǐngyuàn - Cinéma<br>这个电影很好看 - zhège diànyǐng hěn hǎokàn - Ce film est très beau<br>去看电影 - qù kàn diànyǐng - Aller au cinéma	loisir,quotidien	[sound:hsk1_电影.wav]
092-V	HSK 1	电影院	diànyǐngyuàn	cinéma	去电影院 - qù diànyǐngyuàn - Aller au cinéma<br>在电影院看电影 - zài diànyǐngyuàn kàn diànyǐng - Regarder un film au cinéma<br>电影院在哪儿？ - diànyǐngyuàn zài nǎr? - Où se trouve le cinéma ?<br>我们去电影院吧 - wǒmen qù diànyǐngyuàn ba - Allons au cinéma<br>电影院很大 - diànyǐngyuàn hěn dà - Le cinéma est grand	lieu,loisir	[sound:hsk1_电影院.wav]
248-V	HSK 1	弟弟	dìdi	petit frère	我弟弟 - wǒ dìdi - Mon petit frère<br>弟弟很小 - dìdi hěn xiǎo - Le frère cadet est très jeune.<br>小弟 - xiǎo dì - Petit frère<br>弟弟比我小 - dìdi bǐ wǒ xiǎo - Mon frère cadet est plus jeune que moi<br>叫弟弟 - jiào dìdi - Appeler le frère cadet	famille,quotidien	[sound:hsk1_弟弟.wav]
373-V	HSK 1	东西	dōngxi	chose, objet	买东西 - mǎi dōngxi - Acheter des choses<br>什么东西？ - shénme dōngxi? - quoi ?<br>好东西 - hǎo dōngxi - bonne chose	nom,quotidien,shopping	[sound:hsk1_东西.wav]
277-V	HSK 1	都	dōu	tous, tout	我们都 - wǒmen dōu - Nous tous<br>都是 - dōu shì - C'est tous<br>都喜欢 - dōu xǐhuan - Tous aiment<br>哪儿都 - nǎr dōu - partout<br>什么都 - shénme dōu - tout	grammaire,quotidien	[sound:hsk1_都.wav]
011-V	HSK 1	读	dú	lire	读书 - dú shū - Lire des livres<br>请你读一下 - qǐng nǐ dú yíxià - Lisez s'il vous plaît<br>我每天读中文 - wǒ měitiān dú zhōngwén - Je lis le chinois tous les jours.<br>这个字怎么读？ - zhège zì zěnme dú? - Comment se prononce ce caractère ?<br>你读过这本书吗？ - nǐ dú guò zhè běn shū ma? - Avez-vous lu ce livre ?	verbe,étude,communication	[sound:hsk1_读.wav]
121-V	HSK 1	对	duì	correct, juste	对 - duì - Oui.<br>不对 - bú duì - Non.<br>你说得对 - nǐ shuō de duì - Vous avez raison.<br>对不起 - duìbuqǐ - Désolé.<br>对我很好 - duì wǒ hěn hǎo - C'est gentil pour moi.	adjectif,quotidien,politesse	[sound:hsk1_对.wav]
186-V	HSK 1	对不起	duìbuqǐ	pardon, désolé	对不起 - duìbuqǐ - Désolé.<br>不好意思 - bù hǎoyìsi - Désolé<br>抱歉 - bàoqiàn - Désolé<br>真对不起 - zhēn duìbuqǐ - Désolé<br>非常抱歉 - fēicháng bàoqiàn - Très désolé	salutation,politesse	[sound:hsk1_对不起.wav]
096-V	HSK 1	多	duō	beaucoup	很多 - hěn duō - Beaucoup<br>多少钱？ - duōshao qián? - Combien c'est ?<br>人很多 - rén hěn duō - Il y a beaucoup de monde<br>你有多少本书？ - nǐ yǒu duōshao běn shū? - Combien de livres as-tu ?<br>多吃点儿 - duō chī diǎnr - Mange un peu plus	adjectif,quantité,quotidien	[sound:hsk1_多.wav]
448-V	HSK 1	多少	duōshao	combien	多少钱？ - duōshao qián? - Combien c'est ?<br>多少人？ - duōshao rén? - combien de personnes ?<br>有多少？ - yǒu duōshao? - combien y a-t-il ?	question,quantité	[sound:hsk1_多少.wav]
502-V	HSK 1	读书	dúshū	étudier, lire	读书 - dú shū - Lire des livres<br>喜欢读书 - xǐhuan dú shū - Aimer lire des livres<br>在读书 - zài dú shū - Lire un livre	verbe,étude	[sound:hsk1_读书.wav]
142-V	HSK 1	二	èr	deux	二月 - èr yuè - février<br>第二 - dì èr - deuxième<br>星期二 - xīngqī èr - mardi<br>二十 - èrshí - vingt<br>二号 - èr hào - deux	chiffre,quotidien	[sound:hsk1_二.wav]
245-V	HSK 1	儿子	érzi	fils	我儿子 - wǒ érzi - Mon fils<br>他的儿子 - tā de érzi - Son fils<br>儿子很聪明 - érzi hěn cōngming - Mon fils est très intelligent<br>大儿子 - dà érzi - Le grand fils<br>小儿子 - xiǎo érzi - Le petit fils	famille,quotidien	[sound:hsk1_儿子.wav]
537-V	HSK 1	饭	fàn	repas, riz cuit	吃饭 - chī fàn - Manger<br>做饭 - zuò fàn - Cuisiner<br>早饭 - zǎofàn - petit-déjeuner	nom,nourriture	[sound:hsk1_饭.wav]
426-V	HSK 1	饭店	fàndiàn	restaurant, hôtel	去饭店 - qù fàndiàn - aller au restaurant<br>饭店在哪儿？ - fàndiàn zài nǎr? - où est le restaurant ?<br>住饭店 - zhù fàndiàn - loger à l'hôtel	lieu,nourriture	[sound:hsk1_饭店.wav]
218-V	HSK 1	房间	fángjiān	chambre, pièce	我的房间 - wǒ de fángjiān - Ma chambre<br>房间很大 - fángjiān hěn dà - Ma chambre est<br>很大打扫房间 - dǎsǎo fángjiān - Nettoyer la chambre<br>房间号 - fángjiān hào - Numéro de chambre<br>单人房间 - dānrén fángjiān - Chambre simple	lieu,quotidien,voyage	[sound:hsk1_房间.wav]
550-V	HSK 1	非常	fēicháng	très	非常好 - fēicháng hǎo - Très bien<br>非常感谢 - fēicháng gǎnxiè - Très reconnaissant<br>非常高兴 - fēicháng gāoxìng - Très content	adverbe	[sound:hsk1_非常.wav]
214-V	HSK 1	飞机	fēijī	avion	坐飞机 - zuò fēijī - Prendre l'avion<br>飞机票 - fēijī piào - Billet d'avion<br>坐飞机去上海 - zuò fēijī qù shànghǎi - Prendre l'avion pour Shanghai<br>飞机几点起飞？ - fēijī jǐ diǎn qǐfēi? - L'avion décolle à quelle heure ?<br>机场 - jīchǎng - aéroport	transport,voyage	[sound:hsk1_飞机.wav]
450-V	HSK 1	分	fēn	minute, point	五分钟 - wǔ fēnzhōng - cinq minutes<br>十分 - shí fēn - très<br>分钟 - fēnzhōng - minutes	temps,quantité	[sound:hsk1_分.wav]
075-V	HSK 1	分钟	fēnzhōng	minute	十分钟 - shí fēnzhōng - dix minutes<br>五分钟 - wǔ fēnzhōng - cinq minutes<br>等我五分钟 - děng wǒ wǔ fēnzhōng - attends-moi cinq minutes<br>还有十分钟 - hái yǒu shí fēnzhōng - il reste dix minutes<br>差五分钟 - chà wǔ fēnzhōng - on est à cinq minutes	temps,quotidien	[sound:hsk1_分钟.wav]
115-V	HSK 1	高兴	gāoxìng	content, heureux	很高兴 - hěn gāoxìng - Je suis ravi<br>我很高兴认识你 - wǒ hěn gāoxìng rènshi nǐ - C'est agréable de vous connaître<br>他今天很高兴 - tā jīntiān hěn gāoxìng - Il est content aujourd'hui<br>听到这个消息我很高兴 - tīng dào zhège xiāoxi wǒ hěn gāoxìng - J'ai appris la nouvelle avec joie<br>祝你生日高兴 - zhù nǐ shēngrì gāoxìng - Joyeux anniversaire	adjectif,émotion,salutation	[sound:hsk1_高兴.wav]
1480-V	HSK 1	个	gè	(classificateur général)	一个人 - yí ge rén - un homme<br>这个 - zhège - Ceci<br>几个 - jǐ ge - combien	classificateur	[sound:hsk1_个.wav]
512-V	HSK 1	歌	gē	chanson	唱歌 - chàng gē - chanter<br>中国歌 - zhōngguó gē - Chanson chinoise<br>这首歌 - zhè shǒu gē - Cette chanson	nom,loisir	[sound:hsk1_歌.wav]
247-V	HSK 1	哥哥	gēge	grand frère	我哥哥 - wǒ gēge - Mon grand frère<br>哥哥很高 - gēge hěn gāo - Le frère aîné est très grand<br>大哥 - dà gē - Grand frère<br>哥哥比我大 - gēge bǐ wǒ dà - Le frère aîné est plus âgé que moi.<br>叫哥哥 - jiào gēge - Appelez le frère aîné	famille,quotidien	[sound:hsk1_哥哥.wav]
027-V	HSK 1	给	gěi	donner	给你 - gěi nǐ - Tu donnes<br>给我一杯水 - gěi wǒ yì bēi shuǐ - Donne-moi un verre d'eau<br>我给你打电话 - wǒ gěi nǐ dǎ diànhuà - Je t'appelle<br>这是给你的礼物 - zhè shì gěi nǐ de lǐwù - Ceci est pour toi comme un cadeau<br>妈妈给我做饭 - māma gěi wǒ zuò fàn - Maman me prépare à manger	verbe,quotidien	[sound:hsk1_给.wav]
087-V	HSK 1	公司	gōngsī	entreprise	去公司 - qù gōngsī - aller au bureau<br>在公司工作 - zài gōngsī gōngzuò - travailler au bureau<br>我们公司很大 - wǒmen gōngsī hěn dà - notre entreprise est très grande<br>公司在哪儿？ - gōngsī zài nǎr? - où se trouve l'entreprise ?<br>什么公司？ - shénme gōngsī? - quelle entreprise ?	lieu,travail	[sound:hsk1_公司.wav]
013-V	HSK 1	工作	gōngzuò	travailler, travail	我在工作 - wǒ zài gōngzuò - Je travaille<br>你在哪儿工作？ - nǐ zài nǎr gōngzuò? - Où travailles-tu ?<br>我的工作很忙 - wǒ de gōngzuò hěn máng - Mon travail est très chargé<br>他每天工作八个小时 - tā měitiān gōngzuò bā ge xiǎoshí - Il travaille huit heures chaque jour<br>找工作不容易 - zhǎo gōngzuò bù róngyì - Il n'est pas facile de trouver un emploi	verbe,travail,quotidien	[sound:hsk1_工作.wav]
505-V	HSK 1	狗	gǒu	chien	小狗 - xiǎo gǒu - Chien de compagnie<br>一只狗 - yì zhī gǒu - Un chien<br>养狗 - yǎng gǒu - Tenir un chien	nom,animal	[sound:hsk1_狗.wav]
098-V	HSK 1	贵	guì	cher	很贵 - hěn guì - C'est cher<br>太贵了 - tài guì le - Trop cher<br>这个不贵 - zhège bú guì - Ce n'est pas cher<br>北京的房子很贵 - běijīng de fángzi hěn guì - Les maisons à Beijing sont chères<br>贵一点儿没关系 - guì yìdiǎnr méi guānxi - Un peu plus cher ne fait rien	adjectif,shopping,quotidien	[sound:hsk1_贵.wav]
352-V	HSK 1	国	guó	pays	中国 - zhōngguó - chinois<br>国家 - guójiā - Pays<br>外国 - wàiguó - étranger	nom,lieu	[sound:hsk1_国.wav]
1044-V	HSK 1	还1	hái	encore; toujours; en plus	还是你说 - háishi nǐ shuō - plutôt toi, parle<br>我还要 - wǒ hái yào - j'en veux encore<br>他还在 - tā hái zài - il est encore là	adverbe,temps,addition	[sound:hsk1_还.wav]
481-V	HSK 1	孩子	háizi	enfant	小孩子 - xiǎo háizi - enfant<br>孩子们 - háizimen - enfants<br>我的孩子 - wǒ de háizi - mon enfant	nom,personne,famille	[sound:hsk1_孩子.wav]
1188-V	HSK 1	汉语	Hànyǔ	chinois (langue)	学汉语 - xué hànyǔ - apprendre le chinois<br>汉语水平 - hànyǔ shuǐpíng - niveau de chinois<br>汉语考试 - hànyǔ kǎoshì - examen de chinois	langue	[sound:hsk1_汉语.wav]
1193-V	HSK 1	汉字	Hànzì	caractère chinois	写汉字 - xiě hànzì - écrire des caractères chinois<br>学汉字 - xué hànzì - apprendre des caractères chinois<br>认识汉字 - rènshi hànzì - connaître des caractères chinois	langue	[sound:hsk1_汉字.wav]
438-V	HSK 1	号	hào	numéro, date	几号？ - jǐ hào? - Quelle date ?<br>今天几号？ - jīntiān jǐ hào? - Quelle date est-ce aujourd'hui ?<br>电话号码 - diànhuà hàomǎ - numéro de téléphone	quantité,temps	[sound:hsk1_号.wav]
093-V	HSK 1	好	hǎo	bon; bien; d’accord	很好 - hěn hǎo - C'est très bien<br>好吃 - hǎo chī - C'est délicieux<br>这个很好 - zhège hěn hǎo - C'est très bon<br>你好吗？ - nǐ hǎo ma? - Comment vas-tu ?<br>好朋友 - hǎo péngyou - bon ami<br>好看 - hǎokàn - beau, intéressant	adjectif,quotidien	[sound:hsk1_好.wav]
409-V	HSK 1	好吃	hǎochī	délicieux	很好吃 - hěn hǎochī - très bon goût<br>这个好吃 - zhège hǎochī - cela goûte bon<br>好吃吗？ - hǎochī ma? - ça goûte bon ?	adjectif,nourriture	[sound:hsk1_好吃.wav]
113-V	HSK 1	好看	hǎokàn	beau, joli	很好看 - hěn hǎokàn - Beaucoup de beauté<br>这个电影很好看 - zhège diànyǐng hěn hǎokàn - Ce film est très beau<br>你今天很好看 - nǐ jīntiān hěn hǎokàn - Tu es très beau aujourd'hui<br>这本书很好看 - zhè běn shū hěn hǎokàn - Cette livre est très beau<br>不好看 - bù hǎokàn - Pas beau	adjectif,quotidien	[sound:hsk1_好看.wav]
521-V	HSK 1	好听	hǎotīng	agréable à entendre	很好听 - hěn hǎotīng - très joli son<br>这首歌很好听 - zhè shǒu gē hěn hǎotīng - cette chanson est très jolie<br>好听吗？ - hǎotīng ma? - est-ce que c'est joli ?	adjectif,musique	[sound:hsk1_好听.wav]
538-V	HSK 1	好玩儿	hǎowánr	amusant	很好玩儿 - hěn hǎowánr - Très amusant<br>这个好玩儿 - zhège hǎowánr - Ce est amusant<br>好玩儿吗？ - hǎowánr ma? - Est-ce amusant ?	adjectif,loisir	[sound:hsk1_好玩儿.wav]
1863-V	HSK 1	和1	hé	et; avec	我和你 - wǒ hé nǐ - Toi et moi<br>咖啡和茶 - kāfēi hé chá - Café et thé<br>我和朋友去看电影 - wǒ hé péngyou qù kàn diànyǐng - Je vais voir un film avec un ami	conjonction,grammaire	[sound:hsk1_和.wav]
002-V	HSK 1	喝	hē	boire	喝水 - hē shuǐ - Je bois de l'eau<br>我喝茶 - wǒ hē chá - Je bois du thé<br>你想喝点儿什么？ - nǐ xiǎng hē diǎnr shénme? - Que voulez-vous boire ?<br>我每天早上喝咖啡 - wǒ měitiān zǎoshang hē kāfēi - Je bois du café chaque matin<br>喝太多对身体不好 - hē tài duō duì shēntǐ bù hǎo - Boire trop est nocif pour le corps	verbe,boisson,quotidien	[sound:hsk1_喝.wav]
530-V	HSK 1	很	hěn	très	很好 - hěn hǎo - C'est bien<br>很大 - hěn dà - C'est grand<br>很忙 - hěn máng - Très occupé.	adverbe	[sound:hsk1_很.wav]
264-V	HSK 1	后	hòu	derrière	后面 - hòumiàn - derrière<br>在后面 - zài hòumiàn - à derrière<br>往后走 - wǎng hòu zǒu - marchez vers l'arrière<br>以后 - yǐhòu - dorénavant<br>后天 - hòutiān - demain	direction,temps,quotidien	[sound:hsk1_后.wav]
387-V	HSK 1	回	huí	retourner	回家 - huí jiā - Retourner à la maison<br>回来 - huílai - retourner<br>回去 - huíqu - rentrer	verbe,déplacement	[sound:hsk1_回.wav]
1864-V	HSK 1	会1	huì	savoir; pouvoir; future ; réunion	我会说中文 - wǒ huì shuō zhōngwén - Je sais parler chinois<br>你会开车吗？ - nǐ huì kāichē ma? - Tu sais conduire ?<br>他会做中国菜 - tā huì zuò zhōngguó cài - Il sait faire de la cuisine chinoise	verbe,capacité,modal	[sound:hsk1_会.wav]
213-V	HSK 1	火车	huǒchē	train	坐火车 - zuò huǒchē - Prendre le train<br>火车票 - huǒchē piào - Billet de train<br>坐火车去北京 - zuò huǒchē qù běijīng - Prendre le train pour Beijing<br>火车几点开？ - huǒchē jǐ diǎn kāi? - Le train part à quelle heure ?<br>高速火车 - gāosù huǒchē - Train à grande vitesse	transport,voyage	[sound:hsk1_火车.wav]
425-V	HSK 1	几	jǐ	combien (petit nombre)	几个？ - jǐ ge? - combien ?<br>几点？ - jǐ diǎn? - quelle heure est-il ?<br>有几个？ - yǒu jǐ ge? - combien y en a-t-il ?	question,quantité	[sound:hsk1_几.wav]
076-V	HSK 1	家	jiā	maison, famille	在家 - zài jiā - À la maison<br>回家 - huí jiā - Retourner à la maison<br>你家在哪儿？ - nǐ jiā zài nǎr? - Où habites-tu ?<br>欢迎来我家 - huānyíng lái wǒ jiā - Bienvenue chez moi<br>我家离公司很近 - wǒ jiā lí gōngsī hěn jìn - Mon domicile est proche de l'entreprise	lieu,quotidien	[sound:hsk1_家.wav]
334-V	HSK 1	见	jiàn	voir, rencontrer	再见 - zàijiàn - Au revoir<br>见面 - jiànmiàn - rencontrer<br>看见 - kànjiàn - voir	verbe,grammaire	[sound:hsk1_见.wav]
162-V	HSK 1	件	jiàn	spécificatif vêtements/affaires	一件衣服 - yí jiàn yīfu - une veste<br>两件事 - liǎng jiàn shì - deux choses<br>三件行李 - sān jiàn xíngli - trois bagages<br>几件？ - jǐ jiàn? - combien ?<br>这件事 - zhè jiàn shì - cette chose	mesure,vêtements	[sound:hsk1_件.wav]
252-V	HSK 1	叫	jiào	s'appeler	我叫... - wǒ jiào... - Je m'appelle...<br>你叫什么名字？ - nǐ jiào shénme míngzi? - Quel est ton nom ?<br>叫他 - jiào tā - appelle-le<br>叫车 - jiào chē - appelle-un-taxi<br>这个叫什么？ - zhège jiào shénme? - ça s'appelle quoi ?	communication,quotidien	[sound:hsk1_叫.wav]
039-V	HSK 1	饺子	jiǎozi	raviolis chinois	吃饺子 - chī jiǎozi - Manger des dumplings<br>中国饺子很好吃 - zhōngguó jiǎozi hěn hǎochī - Les dumplings chinois sont très bons<br>我会包饺子 - wǒ huì bāo jiǎozi - Je sais faire des dumplings.<br>春节吃饺子 - chūnjié chī jiǎozi - Fêter le printemps en mangeant des dumplings<br>来二十个饺子 - lái èrshí ge jiǎozi - Prenez vingt rouleaux de pâtes.	nourriture,cuisine,culture	[sound:hsk1_饺子.wav]
554-V	HSK 1	家人	jiārén	famille	我的家人 - wǒ de jiārén - Ma famille<br>家人们 - jiārénmen - Mes familles<br>和家人 - hé jiārén - Avec ma famille	nom,famille	[sound:hsk1_家人.wav]
051-V	HSK 1	鸡蛋	jīdàn	œuf	吃鸡蛋 - chī jīdàn - Manger des œufs<br>我早上吃鸡蛋 - wǒ zǎoshang chī jīdàn - Je mange des œufs le matin<br>买一斤鸡蛋 - mǎi yì jīn jīdàn - Achète une livre d'œufs<br>煮鸡蛋还是炒鸡蛋？ - zhǔ jīdàn háishi chǎo jīdàn? - Cuisines-tu les œufs à la cocotte ou en salade ?<br>我要两个荷包蛋 - wǒ yào liǎng ge hébāodàn - Je veux deux œufs mimés.	nourriture,cuisine,quotidien	[sound:hsk1_鸡蛋.wav]
249-V	HSK 1	姐姐	jiějie	grande sœur	我姐姐 - wǒ jiějie - Ma sœur<br>姐姐很漂亮 - jiějie hěn piàoliang - La sœur aînée est très belle.<br>大姐 - dà jiě - Aînée<br>姐姐比我大 - jiějie bǐ wǒ dà - La fille aînée est plus âgée que moi.<br>叫姐姐 - jiào jiějie - Appelez sœur.	famille,quotidien	[sound:hsk1_姐姐.wav]
397-V	HSK 1	今年	jīnnián	cette année	今年多大？ - jīnnián duō dà? - combien d'années as-tu cette année ?<br>今年夏天 - jīnnián xiàtiān - cet été<br>今年我去中国 - jīnnián wǒ qù zhōngguó - ce sera cet été que je vais en Chine	temps,quotidien	[sound:hsk1_今年.wav]
061-V	HSK 1	今天	jīntiān	aujourd'hui	今天星期几？ - jīntiān xīngqī jǐ? - quel jour est-ce aujourd'hui ?<br>今天很热 - jīntiān hěn rè - il fait très chaud aujourd'hui<br>今天你做什么？ - jīntiān nǐ zuò shénme? - Quelle est ta journée d'aujourd'hui ?<br>今天是我的生日 - jīntiān shì wǒ de shēngrì - Aujourd'hui, c'est mon anniversaire<br>今天天气真好 - jīntiān tiānqì zhēn hǎo - Il fait vraiment beau aujourd'hui	temps,quotidien	[sound:hsk1_今天.wav]
149-V	HSK 1	九	jiǔ	neuf	九个人 - jiǔ ge rén - neuf personnes<br>九点 - jiǔ diǎn - neuf heures<br>九十 - jiǔshí - quatre-vingt-dix<br>九号 - jiǔ hào - neuf jours<br>九月 - jiǔ yuè - septembre	chiffre,quotidien	[sound:hsk1_九.wav]
181-G	HSK 1	觉得	juéde	penser, trouver	我觉得很好 - wǒ juéde hěn hǎo - Je trouve ça bien<br>你觉得呢？ - nǐ juéde ne? - Qu'en penses-tu ?<br>我觉得有点儿贵 - wǒ juéde yǒudiǎnr guì - Je trouve que c'est un peu cher<br>你觉得怎么样？ - nǐ juéde zěnmeyàng? - Qu'en penses-tu ?<br>我觉得累 - wǒ juéde lèi - Je me sens fatigué	grammaire,quotidien	[sound:hsk1_觉得.wav]
024-V	HSK 1	开	kāi	ouvrir, conduire	开门 - kāi mén - Ouvrir la porte<br>开车 - kāi chē - Conduire<br>开会 - kāi huì - Tenir une réunion<br>你会开车吗？ - nǐ huì kāi chē ma? - Pouvez-vous conduire ?<br>明天我们开会 - míngtiān wǒmen kāi huì - Nous avons une réunion demain	verbe,quotidien,transport,travail	[sound:hsk1_开.wav]
516-V	HSK 1	开车	kāichē	conduire	会开车 - huì kāi chē - conduire<br>开车去 - kāi chē qù - conduire là-bas<br>开车来 - kāi chē lái - venir en voiture	verbe,transport	[sound:hsk1_开车.wav]
003-V	HSK 1	看1	kàn	regarder; voir; lire; consulter (médecin)	看见 - kànjiàn - voir (apercevoir)<br>看病 - kànbìng - consulter un médecin	verbe,perception,action	[sound:hsk1_看.wav]
1865-V	HSK 1	看病	kànbìng	consulter un médecin	去看病 - qù kànbìng - Aller voir le médecin<br>我今天要去看病 - wǒ jīntiān yào qù kànbìng - Je dois aller chez le médecin<br>看病要预约 - kànbìng yào yùyuē - Il faut prendre rendez-vous pour consulter	verbe,santé,médecine	[sound:hsk1_看病.wav]
386-V	HSK 1	看见	kànjiàn	voir	看见了 - kànjiàn le - j'ai vu<br>你看见了吗？ - nǐ kànjiàn le ma? - as-tu vu ?<br>我没看见 - wǒ méi kànjiàn - je n'ai pas vu	verbe,perception	[sound:hsk1_看见.wav]
507-V	HSK 1	课	kè	leçon, cours	上课 - shàng kè - aller en classe<br>下课 - xià kè - sortir de classe<br>第一课 - dì yī kè - premier cours	nom,étude	[sound:hsk1_课.wav]
175-G	HSK 1	可以	kěyǐ	pouvoir, être permis	可以 - kěyǐ - Oui<br>我可以进来吗？ - wǒ kěyǐ jìnlai ma? - Puis-je entrer ?<br>这里可以拍照吗？ - zhèlǐ kěyǐ pāizhào ma? - On peut prendre des photos ici ?<br>你可以坐这儿 - nǐ kěyǐ zuò zhèr - Tu peux t'asseoir ici<br>可以用信用卡吗？ - kěyǐ yòng xìnyòngkǎ ma? - Peut-on utiliser des cartes de crédit ?	grammaire,politesse	[sound:hsk1_可以.wav]
430-V	HSK 1	口	kǒu	bouche, classificateur	一口水 - yì kǒu shuǐ - une gorgée d'eau<br>门口 - ménkǒu - devant l'entrée<br>出口 - chūkǒu - sortie	nom,classificateur	[sound:hsk1_口.wav]
160-V	HSK 1	块	kuài	yuan (monnaie)	五块钱 - wǔ kuài qián - cinq yuans<br>多少块？ - duōshao kuài? - combien de billets ?<br>一块蛋糕 - yí kuài dàngāo - un gâteau<br>三块五 - sān kuài wǔ - trois yuans et cinq fen<br>便宜两块 - piányi liǎng kuài - moins deux yuans	mesure,argent	[sound:hsk1_块.wav]
006-V	HSK 1	来	lái	venir	来这儿 - lái zhèr - Viens ici<br>他来了 - tā lái le - Il est venu<br>你什么时候来？ - nǐ shénme shíhou lái? - Quand viens-tu ?<br>欢迎你来我家 - huānyíng nǐ lái wǒ jiā - Bienvenue chez moi<br>我是去年来中国的 - wǒ shì qùnián lái zhōngguó de - J'ai été en Chine l'an dernier.	verbe,déplacement,quotidien,voyage	[sound:hsk1_来.wav]
239-V	HSK 1	老师	lǎoshī	professeur	他是老师 - tā shì lǎoshī - Il est professeur<br>老师好 - lǎoshī hǎo - Professeur, bonjour<br>中文老师 - zhōngwén lǎoshī - Professeur de chinois<br>我们的老师 - wǒmen de lǎoshī - Notre professeur<br>老师教我们 - lǎoshī jiāo wǒmen - Le professeur nous enseigne	profession,étude	[sound:hsk1_老师.wav]
166-G	HSK 1	了	le	particule aspect accompli	我吃了 - wǒ chī le - j'ai mangé<br>太晚了 - tài wǎn le - c'est tard<br>我买了三本书 - wǒ mǎi le sān běn shū - j'ai acheté trois livres<br>天黑了 - tiān hēi le - il fait noir<br>他去北京了 - tā qù běijīng le - Il est allé à Beijing.	grammaire,quotidien	[sound:hsk1_了.wav]
102-V	HSK 1	冷	lěng	froid	很冷 - hěn lěng - Très froid<br>今天很冷 - jīntiān hěn lěng - Il fait très froid aujourd'hui<br>天气很冷 - tiānqì hěn lěng - Le temps est très froid<br>我觉得冷 - wǒ juéde lěng - Je me sens froid<br>冷水 - lěngshuǐ - Eau froide	adjectif,météo,quotidien	[sound:hsk1_冷.wav]
267-V	HSK 1	里	lǐ	dedans	里面 - lǐmiàn - à l'intérieur<br>在家里 - zài jiā lǐ - chez soi<br>房间里 - fángjiān lǐ - dans la chambre<br>心里 - xīn lǐ - dans le cœur<br>书包里 - shūbāo lǐ - dans le sac à dos	direction,quotidien	[sound:hsk1_里.wav]
1866-V	HSK 1	两1	liǎng	deux (pour compter des quantités, souvent avant un classificateur)	两个人 - liǎng gè rén - Deux personnes<br>我有两本书 - wǒ yǒu liǎng běn shū - J'ai deux livres<br>我在中国住了两年 - wǒ zài zhōngguó zhù le liǎng nián - J'ai vécu deux ans en Chine	nombre,quantité	[sound:hsk1_两.wav]
543-V	HSK 1	零	líng	zéro	零点 - líng diǎn - minuit<br>一百零一 - yìbǎi líng yī - cent et un<br>零钱 - língqián - petit change	quantité	[sound:hsk1_零.wav]
146-V	HSK 1	六	liù	six	六个人 - liù ge rén - six personnes<br>六点 - liù diǎn - six heures<br>星期六 - xīngqī liù - samedi<br>六十 - liùshí - soixante<br>六号 - liù hào - septembre	chiffre,quotidien	[sound:hsk1_六.wav]
167-G	HSK 1	吗	ma	particule interrogative	你好吗？ - nǐ hǎo ma? - Comment ça va ?<br>这是你的吗？ - zhè shì nǐ de ma? - C'est le tien ?<br>你喜欢中国菜吗？ - nǐ xǐhuan zhōngguó cài ma? - Aimes-tu la cuisine chinoise ?<br>明天你有空吗？ - míngtiān nǐ yǒu kòng ma? - Demain, tu as du temps libre ?<br>你去过中国吗？ - nǐ qù guò zhōngguó ma? - Avez-vous déjà été en Chine ?	grammaire,question	[sound:hsk1_吗.wav]
1867-V	HSK 1	卖	mài	vendre	卖东西 - mài dōngxi - Vendre des choses<br>这家店卖什么？ - zhè jiā diàn mài shénme? - Que vend ce magasin ?<br>他把房子卖了 - tā bǎ fángzi mài le - Il a vendu sa maison	verbe,commerce,transaction	[sound:hsk1_卖.wav]
004-V	HSK 1	买	mǎi	acheter	买东西 - mǎi dōngxi - Acheter des choses<br>我想买这个 - wǒ xiǎng mǎi zhège - Je veux acheter ça.<br>你在哪儿买的？ - nǐ zài nǎr mǎi de? - Où as-tu acheté ?<br>这个多少钱？我要买两个 - zhège duōshao qián? wǒ yào mǎi liǎng gè - Combien coûte cela ? Je veux en acheter deux.<br>我昨天买了一件新衣服 - wǒ zuótiān mǎi le yí jiàn xīn yīfu - Hier, j'ai acheté un nouveau vêtement.	verbe,shopping,quotidien	[sound:hsk1_买.wav]
244-V	HSK 1	妈妈	māma	maman	我妈妈 - wǒ māma - Ma mère<br>妈妈做饭 - māma zuò fàn - La cuisine de ma mère<br>这是我妈妈 - zhè shì wǒ māma - Ceci est ma mère<br>妈妈很好 - māma hěn hǎo - Ma mère est très bien<br>叫妈妈 - jiào māma - Appeler ma mère	famille,quotidien	[sound:hsk1_妈妈.wav]
120-V	HSK 1	忙	máng	occupé	很忙 - hěn máng - Très occupé.<br>我很忙 - wǒ hěn máng - Je suis très occupé.<br>工作很忙 - gōngzuò hěn máng - Le travail est très occupé.<br>你忙吗？ - nǐ máng ma? - Tu es occupé ?<br>忙不忙？ - máng bu máng? - Occupe-toi ?	adjectif,quotidien,travail	[sound:hsk1_忙.wav]
308-V	HSK 1	猫	māo	chat	一只猫 - yì zhī māo - Un chat<br>小猫 - xiǎo māo - Chaton<br>养猫 - yǎng māo - Tenir un chat	nom,animal	[sound:hsk1_猫.wav]
187-V	HSK 1	没关系	méi guānxi	pas grave	没关系 - méi guānxi - Il n'y a pas de problème<br>没事 - méi shì - /todo万事mmoins<br>不要紧 - bú yàojǐn - Il n'y a pas de problème.<br>没什么 - méi shénme - Il n'y a rien<br>别介意 - bié jièyì - Ne t'en fais pas	salutation,politesse	[sound:hsk1_没关系.wav]
250-V	HSK 1	妹妹	mèimei	petite sœur	我妹妹 - wǒ mèimei - Ma sœur<br>妹妹很小 - mèimei hěn xiǎo - La sœur est très petite.<br>小妹 - xiǎo mèi - Petite sœur<br>妹妹比我小 - mèimei bǐ wǒ xiǎo - Ma sœur est plus jeune que moi<br>叫妹妹 - jiào mèimei - Appelez votre sœur	famille,quotidien	[sound:hsk1_妹妹.wav]
1868-V	HSK 1	没事	méishì	ce n'est rien, pas de problème	没事！ - méishì! - Ce n'est rien !<br>你没事吧？ - nǐ méishì ba? - Tu vas bien ?<br>没事，我帮你 - méishì, wǒ bāng nǐ - Pas de problème, je t'aide	expression,politesse,réponse	[sound:hsk1_没事.wav]
1869-V	HSK 1	没（有）	méi(yǒu)	ne pas avoir, ne pas	我没有钱 - wǒ méiyǒu qián - Je n'ai pas d'argent<br>他没来 - tā méi lái - Il n'est pas venu<br>我没听懂 - wǒ méi tīngdǒng - Je n'ai pas compris	verbe,négation,grammaire	[sound:hsk1_没有.wav]
400-V	HSK 1	们	men	pluriel (suffixe)	我们 - wǒmen - nous<br>你们 - nǐmen - vous<br>他们 - tāmen - eux	grammaire	[sound:hsk1_们.wav]
041-V	HSK 1	面包	miànbāo	pain	吃面包 - chī miànbāo - Manger du pain<br>早餐吃面包 - zǎocān chī miànbāo - Manger du pain pour le petit déjeuner<br>买一个面包 - mǎi yí ge miànbāo - Achetez un pain<br>面包和牛奶 - miànbāo hé niúnǎi - pain et lait<br>这个面包很新鲜 - zhège miànbāo hěn xīnxiān - Ce pain est très frais.	nourriture,cuisine,quotidien	[sound:hsk1_面包.wav]
318-V	HSK 1	面条儿	miàntiáor	nouilles	吃面条儿 - chī miàntiáor - Manger des nouilles<br>一碗面条儿 - yì wǎn miàntiáor - Un bol de nouilles<br>做面条儿 - zuò miàntiáor - Faire cuire les nouilles	nourriture,cuisine	[sound:hsk1_面条儿.wav]
037-V	HSK 1	米饭	mǐfàn	riz (cuit)	我吃米饭 - wǒ chī mǐfàn - Je mange du riz<br>你要不要米饭？ - nǐ yào bu yào mǐfàn? - Veux-tu du riz ?<br>一碗米饭 - yì wǎn mǐfàn - Une cuillère de riz<br>我不太喜欢吃米饭 - wǒ bú tài xǐhuan chī mǐfàn - Je n'aime pas trop le riz.<br>这个菜配米饭很好吃 - zhège cài pèi mǐfàn hěn hǎochī - Ce plat se marie bien avec du riz.	nourriture,cuisine,quotidien	[sound:hsk1_米饭.wav]
320-V	HSK 1	明年	míngnián	l'année prochaine	明年夏天 - míngnián xiàtiān - L'été prochain<br>明年我去中国 - míngnián wǒ qù zhōngguó - Je vais en Chine l'année prochaine<br>明年见 - míngnián jiàn - À la prochaine	temps,quotidien	[sound:hsk1_明年.wav]
062-V	HSK 1	明天	míngtiān	demain	明天见 - míngtiān jiàn - À demain<br>明天我去北京 - míngtiān wǒ qù běijīng - Demain, je vais à Pékin.<br>明天你有时间吗？ - míngtiān nǐ yǒu shíjiān ma? - Demain, tu as du temps ?<br>明天天气怎么样？ - míngtiān tiānqì zěnmeyàng? - Comment sera le temps demain ?<br>明天我要早起 - míngtiān wǒ yào zǎo qǐ - Je dois me lever tôt demain	temps,quotidien	[sound:hsk1_明天.wav]
253-V	HSK 1	名字	míngzi	nom	你叫什么名字？ - nǐ jiào shénme míngzi? - Quel est ton nom ?<br>我的名字 - wǒ de míngzi - mon nom<br>写名字 - xiě míngzi - écris-mon-nom<br>名字很好听 - míngzi hěn hǎotīng - le-nom-est-beau<br>中文名字 - zhōngwén míngzi - nom-chinois	quotidien	[sound:hsk1_名字.wav]
135-V	HSK 1	那	nà	cela, ça	那是什么？ - nà shì shénme? - Qu'est-ce que c'est ?<br>那个 - nàge - celui-là<br>那里 - nàlǐ - où<br>我喜欢那个 - wǒ xǐhuan nàge - J'aime celui-là<br>那么多人 - nàme duō rén - autant de personnes	démonstratif,quotidien	[sound:hsk1_那.wav]
136-V	HSK 1	哪	nǎ	quel, lequel	哪个？ - nǎge? - lequel ?<br>你在哪儿？ - nǐ zài nǎr? - où es-tu ?<br>哪里 - nǎlǐ - où<br>你是哪国人？ - nǐ shì nǎ guó rén? - de quel pays es-tu ?<br>哪儿都可以 - nǎr dōu kěyǐ - n'importe où	question,quotidien	[sound:hsk1_哪.wav]
314-V	HSK 1	那边	nàbiān	là-bas	在那边 - zài nàbian - À côté-là<br>去那边 - qù nàbian - Aller de ce côté-ci<br>那边的 - nàbian de - celui-là	pronom,lieu	[sound:hsk1_那边.wav]
562-V	HSK 1	那个	nàge	celui-là	那个不好 - nàge bù hǎo - celui-ci n'est pas bon<br>我要那个 - wǒ yào nàge - je veux celui-ci	pronom	[sound:hsk1_那个.wav]
1870-V	HSK 1	哪个	nǎge	lequel, laquelle	哪个是你的？ - nǎge shì nǐ de? - Lequel est le tien ?<br>你要哪个？ - nǐ yào nǎge? - Lequel veux-tu ?<br>哪个颜色好看？ - nǎge yánsè hǎokàn? - Quelle couleur est belle ?	pronom,interrogatif,choix	[sound:hsk1_哪个.wav]
384-V	HSK 1	那里	nàlǐ	là-bas	在那里 - zài nàlǐ - là-bas<br>去那里 - qù nàlǐ - y aller<br>从那里 - cóng nàlǐ - d'où	pronom,lieu	[sound:hsk1_那里.wav]
424-V	HSK 1	哪里	nǎlǐ	où	你去哪里？ - nǐ qù nǎlǐ? - où vas-tu ?<br>在哪里？ - zài nǎlǐ? - où ?<br>哪里哪里 - nǎlǐ nǎlǐ - là, là	pronom,question,lieu	[sound:hsk1_哪里.wav]
377-V	HSK 1	男	nán	masculin	男人 - nánrén - homme<br>男孩 - nánhái - garçon<br>男的 - nán de - homme	adjectif,genre	[sound:hsk1_男.wav]
548-V	HSK 1	男朋友	nánpéngyou	petit ami	我男朋友 - wǒ nán péngyou - mon petit ami<br>有男朋友 - yǒu nán péngyou - j'ai un petit ami<br>找男朋友 - zhǎo nán péngyou - chercher un petit ami	nom,personne	[sound:hsk1_男朋友.wav]
464-V	HSK 1	那儿	nàr	là-bas	在那儿 - zài nàr - Il y était<br>去那儿 - qù nàr - Y allez-vous<br>从那儿 - cóng nàr - Venir d'ici	pronom,lieu	[sound:hsk1_那儿.wav]
336-V	HSK 1	哪儿	nǎr	où	你去哪儿？ - nǐ qù nǎr? - Où allez-vous ?<br>在哪儿？ - zài nǎr? - où es-tu ?<br>你住在哪儿？ - nǐ zhù zài nǎr? - où habites-tu ?	pronom,question,lieu	[sound:hsk1_哪儿.wav]
515-V	HSK 1	那些	nàxiē	ceux-là, ces	那些人 - nàxiē rén - Ces personnes<br>那些东西 - nàxiē dōngxi - Ces choses<br>那些书 - nàxiē shū - ces livres	pronom,quantité	[sound:hsk1_那些.wav]
330-V	HSK 1	哪些	nǎxiē	lesquels	哪些人？ - nǎxiē rén? - qui sont ces personnes ?<br>哪些东西？ - nǎxiē dōngxi? - quelles choses ?<br>你要哪些？ - nǐ yào nǎxiē? - tu veux quoi ?	pronom,question	[sound:hsk1_哪些.wav]
168-G	HSK 1	呢	ne	particule question	你呢？ - nǐ ne? - Toi, alors ?<br>我很好，你呢？ - wǒ hěn hǎo, nǐ ne? - Je vais bien, toi ?<br>他在看书呢 - tā zài kàn shū ne - Il lit un livre.<br>我的书呢？ - wǒ de shū ne? - Où est mon livre ?<br>外面下雨呢 - wàimiàn xià yǔ ne - Il pleut dehors.	grammaire,quotidien	[sound:hsk1_呢.wav]
173-G	HSK 1	能	néng	pouvoir	我能去 - wǒ néng qù - Je peux y aller<br>你能帮我吗？ - nǐ néng bāng wǒ ma? - Puis-je t'aider ?<br>这儿不能抽烟 - zhèr bù néng chōuyān - On ne peut pas fumer ici<br>能不能便宜一点儿？ - néng bu néng piányi yìdiǎnr? - Peut-on avoir un prix plus bas ?<br>我今天不能来 - wǒ jīntiān bù néng lái - Je ne peux pas venir aujourd'hui	grammaire,quotidien	[sound:hsk1_能.wav]
128-V	HSK 1	你	nǐ	tu, toi	你好 - nǐ hǎo - Bonjour<br>你叫什么名字？ - nǐ jiào shénme míngzi? - Quel est ton nom ?<br>你在哪儿工作？ - nǐ zài nǎr gōngzuò? - Où travailles-tu ?<br>给你 - gěi nǐ - Tu donnes<br>你说得对 - nǐ shuō de duì - Vous avez raison.	pronom,quotidien,salutation	[sound:hsk1_你.wav]
182-V	HSK 1	你好	nǐ hǎo	bonjour	你好 - nǐ hǎo - Bonjour<br>你好吗？ - nǐ hǎo ma? - Comment ça va ?<br>你们好 - nǐmen hǎo - Salut<br>老师好 - lǎoshī hǎo - Professeur, bonjour<br>大家好 - dàjiā hǎo - Bonjour à tous	salutation,politesse	[sound:hsk1_你好.wav]
069-V	HSK 1	年	nián	année	今年 - jīnnián - Cette année<br>明年 - míngnián - L'an prochain<br>去年 - qùnián - L'année dernière<br>你多大了？十八岁 - nǐ duō dà le? shíbā suì - Combien d'années as-tu ? Dix-huit ans<br>新年快乐 - xīnnián kuàilè - Joyeux Nouvel An	temps,quotidien	[sound:hsk1_年.wav]
132-V	HSK 1	你们	nǐmen	vous	你们好 - nǐmen hǎo - Salut<br>你们是学生吗？ - nǐmen shì xuésheng ma? - Vous êtes étudiants ?<br>你们去哪儿？ - nǐmen qù nǎr? - Où allez-vous ?<br>你们都来了 - nǐmen dōu lái le - Vous êtes tous présents<br>这是你们的 - zhè shì nǐmen de - C'est pour vous	pronom,quotidien,salutation	[sound:hsk1_你们.wav]
540-V	HSK 1	您	nín	vous (poli)	您好 - nín hǎo - Bonjour<br>您贵姓？ - nín guìxìng? - Votre nom est ?<br>谢谢您 - xièxie nín - Merci à vous	pronom,politesse	[sound:hsk1_您.wav]
048-V	HSK 1	牛奶	niúnǎi	lait	喝牛奶 - hē niúnǎi - Boire du lait<br>我每天喝牛奶 - wǒ měitiān hē niúnǎi - Je bois du lait tous les jours<br>你要牛奶还是咖啡？ - nǐ yào niúnǎi háishi kāfēi? - Veux-tu du lait ou du café ?<br>一瓶牛奶 - yì píng niúnǎi - Un litre de lait<br>咖啡里加点儿牛奶 - kāfēi lǐ jiā diǎnr niúnǎi - Du lait ajouté au café	boisson,quotidien,santé	[sound:hsk1_牛奶.wav]
472-V	HSK 1	女	nǚ	féminin	女人 - nǚrén - femme<br>女孩 - nǚhái - garçon<br>女的 - nǚ de - la femme	adjectif,genre	[sound:hsk1_女.wav]
246-V	HSK 1	女儿	nǚ'ér	fille	我女儿 - wǒ nǚ'ér - Ma fille<br>她的女儿 - tā de nǚ'ér - Sa fille<br>女儿很漂亮 - nǚ'ér hěn piàoliang - Ma fille est très jolie<br>大女儿 - dà nǚ'ér - Première fille ainée<br>小女儿 - xiǎo nǚ'ér - petite fille	famille,quotidien	[sound:hsk1_女儿.wav]
522-V	HSK 1	女朋友	nǚpéngyou	petite amie	我女朋友 - wǒ nǚ péngyou - ma copine<br>有女朋友 - yǒu nǚ péngyou - avoir une copine<br>找女朋友 - zhǎo nǚ péngyou - chercher une copine	nom,personne	[sound:hsk1_女朋友.wav]
1871-V	HSK 1	女士	nǚshì	madame, dame	女士们好 - nǚshìmen hǎo - Bonjour mesdames<br>这位女士是谁？ - zhè wèi nǚshì shì shéi? - Qui est cette dame ?<br>女士优先 - nǚshì yōuxiān - Les dames d'abord	nom,titre,politesse	[sound:hsk1_女士.wav]
241-V	HSK 1	朋友	péngyou	ami	我的朋友 - wǒ de péngyou - Mon ami<br>好朋友 - hǎo péngyou - Meilleur ami<br>交朋友 - jiāo péngyou - Faire des amis<br>老朋友 - lǎo péngyou - Ancien ami<br>男朋友 - nán péngyou - Il est mon copain	relation,quotidien	[sound:hsk1_朋友.wav]
099-V	HSK 1	便宜	piányi	pas cher, bon marché	很便宜 - hěn piányi - Très bon marché<br>这个很便宜 - zhège hěn piányi - Ce est très bon marché<br>能便宜一点儿吗？ - néng piányi yìdiǎnr ma? - Peux-tu être un peu moins cher ?<br>网上买更便宜 - wǎngshàng mǎi gèng piányi - Achète-le en ligne, c'est encore moins cher<br>便宜没好货 - piányi méi hǎo huò - Pas cher n'a pas de bonne qualité	adjectif,shopping	[sound:hsk1_便宜.wav]
112-V	HSK 1	漂亮	piàoliang	beau, joli	很漂亮 - hěn piàoliang - Très joli<br>她很漂亮 - tā hěn piàoliang - Elle est très jolie<br>这个很漂亮 - zhège hěn piàoliang - Cela est très joli<br>穿得很漂亮 - chuān de hěn piàoliang - Il s'habille très bien<br>写得很漂亮 - xiě de hěn piàoliang - Il écrit très bien	adjectif,quotidien	[sound:hsk1_漂亮.wav]
043-V	HSK 1	苹果	píngguǒ	pomme	一个苹果 - yí ge píngguǒ - Un pomme<br>我想买苹果 - wǒ xiǎng mǎi píngguǒ - Je veux acheter de la pomme<br>苹果很甜 - píngguǒ hěn tián - La pomme est très sucrée<br>我给你带了几个苹果 - wǒ gěi nǐ dài le jǐ ge píngguǒ - J'ai apporté quelques pommes pour toi<br>红苹果还是青苹果？ - hóng píngguǒ háishi qīng píngguǒ? - Rouge ou verte, la pomme ?	nourriture,fruit,shopping	[sound:hsk1_苹果.wav]
147-V	HSK 1	七	qī	sept	七个人 - qī ge rén - sept personnes<br>七点 - qī diǎn - sept heures<br>七十 - qīshí - soixante-dix<br>七号 - qī hào - sept jours<br>七月 - qī yuè - juillet	chiffre,quotidien	[sound:hsk1_七.wav]
263-V	HSK 1	前	qián	devant	前面 - qiánmian - Devant<br>在前面 - zài qiánmian - Devant<br>往前走 - wǎng qián zǒu - Avancez<br>以前 - yǐqián - 以前前天 - qiántiān - avant-hier	direction,temps,quotidien	[sound:hsk1_前.wav]
257-V	HSK 1	钱	qián	argent	多少钱？ - duōshao qián? - Combien c'est ?<br>有钱 - yǒu qián - je-gagne-de-l'argent<br>没钱 - méi qián - je-ne-gagne-pas-d'argent<br>赚钱 - zhuàn qián - gagner-de-l'argent<br>花钱 - huā qián - Passed des argent	argent,shopping,quotidien	[sound:hsk1_钱.wav]
153-V	HSK 1	千	qiān	mille	一千 - yì qiān - mille yuans<br>两千 - liǎng qiān - deux mille<br>三千 - sān qiān - trois mille<br>五千块 - wǔ qiān kuài - cinq mille yuans<br>几千 - jǐ qiān - quelques milliers	chiffre,quotidien	[sound:hsk1_千.wav]
015-V	HSK 1	起床	qǐchuáng	se lever	我起床了 - wǒ qǐ chuáng le - Je me suis levé<br>你几点起床？ - nǐ jǐ diǎn qǐ chuáng? - À quelle heure tu te lèves ?<br>今天我起床很早 - jīntiān wǒ qǐ chuáng hěn zǎo - Aujourd'hui, je me suis levé très tôt.<br>明天早上我要六点起床 - míngtiān zǎoshang wǒ yào liù diǎn qǐ chuáng - Je me lève à 6 heures demain matin.<br>周末我通常十点才起床 - zhōumò wǒ tōngcháng shí diǎn cái qǐ chuáng - Le week-end, je me réveille généralement à 10 heures.	verbe,quotidien,routine	[sound:hsk1_起床.wav]
188-V	HSK 1	请	qǐng	s'il vous plaît	请坐 - qǐng zuò - Asseyez-vous, s'il vous plaît.<br>请问 - qǐngwèn - Pouvez-vous me aider ?<br>请进 - qǐng jìn - Veuillez entrer<br>请帮我 - qǐng bāng wǒ - S'il vous plaît, aidez-moi.<br>请稍等 - qǐng shāo děng - Attendez s'il vous plaît	politesse,quotidien	[sound:hsk1_请.wav]
403-V	HSK 1	请问	qǐngwèn	s'il vous plaît (demander)	请问 - qǐngwèn - Pouvez-vous me aider ?<br>请问，...在哪儿？ - qǐngwèn,...zài nǎr? - Pouvez-vous me dire, ... est où ?<br>请问一下 - qǐngwèn yíxià - Pourriez-vous m'aider	expression,politesse	[sound:hsk1_请问.wav]
005-V	HSK 1	去	qù	aller	去学校 - qù xuéxiào - Aller à l'école<br>我去商店 - wǒ qù shāngdiàn - Je vais au magasin.<br>你去哪儿？ - nǐ qù nǎr? - Où allez-vous ?<br>明天我去北京 - míngtiān wǒ qù běijīng - Demain, je vais à Pékin.<br>你去过中国吗？ - nǐ qù guò zhōngguó ma? - Avez-vous déjà été en Chine ?	verbe,déplacement,quotidien,voyage	[sound:hsk1_去.wav]
417-V	HSK 1	去年	qùnián	l'année dernière	去年夏天 - qùnián xiàtiān - l'an dernier en été<br>去年我去了中国 - qùnián wǒ qù le zhōngguó - l'an dernier, j'ai été en Chine<br>从去年开始 - cóng qùnián kāishǐ - depuis l'an dernier	temps,quotidien	[sound:hsk1_去年.wav]
103-V	HSK 1	热	rè	chaud	很热 - hěn rè - Très chaud<br>今天很热 - jīntiān hěn rè - il fait très chaud aujourd'hui<br>天气很热 - tiānqì hěn rè - Le temps est très chaud<br>我觉得热 - wǒ juéde rè - Je me sens chaud<br>热水 - rèshuǐ - Eau chaude	adjectif,météo,quotidien	[sound:hsk1_热.wav]
401-V	HSK 1	人	rén	personne, gens	很多人 - hěn duō rén - beaucoup de personnes<br>中国人 - zhōngguó rén - Chinois<br>什么人？ - shénme rén? - qui sont ces personnes ?	nom,personne	[sound:hsk1_人.wav]
179-G	HSK 1	认识	rènshi	connaître	认识你很高兴 - rènshi nǐ hěn gāoxìng - Ravi de vous connaître<br>我们认识 - wǒmen rènshi - Nous nous connaissons<br>你认识他吗？ - nǐ rènshi tā ma? - Connais-tu cet homme ?<br>我不认识这个字 - wǒ bù rènshi zhège zì - Je neconnais pas ce caractère<br>我们是去年认识的 - wǒmen shì qùnián rènshi de - Nous nous sommes rencontrés l'an dernier	grammaire,salutation	[sound:hsk1_认识.wav]
391-V	HSK 1	日	rì	jour, soleil	今日 - jīnrì - aujourd'hui<br>生日 - shēngrì - jour de naissance<br>日子 - rìzi - années d'école	temps	[sound:hsk1_日.wav]
143-V	HSK 1	三	sān	trois	三个人 - sān ge rén - trois personnes<br>三点 - sān diǎn - trois heures<br>星期三 - xīngqī sān - mercredi<br>三十 - sānshí - trente<br>三号 - sān hào - trois	chiffre,quotidien	[sound:hsk1_三.wav]
265-V	HSK 1	上	shàng	dessus	上面 - shàngmiàn - en haut<br>在桌子上 - zài zhuōzi shàng - Sur le bureau<br>上车 - shàng chē - monter dans<br>上班 - shàng bān - aller au travail<br>上课 - shàng kè - aller en classe	direction,quotidien	[sound:hsk1_上.wav]
349-V	HSK 1	上班	shàngbān	aller au travail	去上班 - qù shàng bān - Aller au travail<br>几点上班？ - jǐ diǎn shàng bān? - À quelle heure commence le travail ?<br>我在上班 - wǒ zài shàng bān - Je suis au travail	verbe,travail,quotidien	[sound:hsk1_上班.wav]
079-V	HSK 1	商店	shāngdiàn	magasin	去商店 - qù shāngdiàn - À la boutique<br>这个商店很大 - zhège shāngdiàn hěn dà - Cette boutique est vaste<br>商店几点开门？ - shāngdiàn jǐ diǎn kāimén? - Quelle heure est-ce que la boutique ouvre ?<br>附近有商店吗？ - fùjìn yǒu shāngdiàn ma? - Y a-t-il une boutique dans les environs ?<br>那个商店东西很便宜 - nàge shāngdiàn dōngxi hěn piányi - Cette boutique vend des marchandises à un prix abordable	lieu,shopping	[sound:hsk1_商店.wav]
383-V	HSK 1	上课	shàngkè	avoir cours	去上课 - qù shàng kè - aller en classe<br>几点上课？ - jǐ diǎn shàng kè? - à quelle heure as-tu cours ?<br>我在上课 - wǒ zài shàng kè - je suis en cours	verbe,étude,quotidien	[sound:hsk1_上课.wav]
064-V	HSK 1	上午	shàngwǔ	matin	上午好 - shàngwǔ hǎo - Bonjour le matin<br>上午我有课 - shàngwǔ wǒ yǒu kè - Je cours des cours ce matin<br>今天上午你做什么？ - jīntiān shàngwǔ nǐ zuò shénme? - Quelle est ta journée d'aujourd'hui le matin ?<br>每天上午我都工作 - měitiān shàngwǔ wǒ dōu gōngzuò - Chaque matin, je travaille<br>上午十点我们见面吧 - shàngwǔ shí diǎn wǒmen jiànmiàn ba - Rendez-vous à 10 heures du matin	temps,quotidien	[sound:hsk1_上午.wav]
460-V	HSK 1	上学	shàngxué	aller à l'école	去上学 - qù shàng xué - aller à l'école<br>每天上学 - měitiān shàng xué - aller à l'école tous les jours<br>他在上学 - tā zài shàng xué - il va à l'école	verbe,étude,quotidien	[sound:hsk1_上学.wav]
097-V	HSK 1	少	shǎo	peu	很少 - hěn shǎo - Peu<br>人很少 - rén hěn shǎo - Il y a peu de personnes<br>少吃点儿 - shǎo chī diǎnr - Mange un peu moins<br>我很少看电视 - wǒ hěn shǎo kàn diànshì - Je regarde rarement la télévision<br>时间不多了，少说话 - shíjiān bù duō le, shǎo shuōhuà - Il n'y a pas beaucoup de temps, parle moins	adjectif,quantité	[sound:hsk1_少.wav]
138-V	HSK 1	谁	shéi/shuí	qui	他是谁？ - tā shì shéi? - Qui est-il ?<br>谁的书？ - shéi de shū? - qui est-ce que c'est ?<br>你找谁？ - nǐ zhǎo shéi? - Qui cherchez-vous ?<br>谁都可以来 - shéi dōu kěyǐ lái - n'importe qui peut venir<br>这是谁说的？ - zhè shì shéi shuō de? - c'est qui qui a dit ça ?	question,quotidien	[sound:hsk1_谁.wav]
833-V	HSK 1	生病	shēngbìng	tomber malade	我生病了 - wǒ shēngbìng le - j'ai la maladie<br>他生病了，不能来 - tā shēngbìng le, bù néng lái - Il est malade, il ne peut pas venir<br>容易生病 - róngyì shēngbìng - Facile à tomber malade	santé	[sound:hsk1_生病.wav]
137-V	HSK 1	什么	shénme	quoi, que	这是什么？ - zhè shì shénme? - Qu'est-ce que c'est ?<br>你叫什么名字？ - nǐ jiào shénme míngzi? - Quel est ton nom ?<br>你想吃什么？ - nǐ xiǎng chī shénme? - que veux-tu manger ?<br>什么时候？ - shénme shíhou? - quand ?<br>有什么问题吗？ - yǒu shénme wèntí ma? - y a-t-il un problème ?	question,quotidien	[sound:hsk1_什么.wav]
150-V	HSK 1	十	shí	dix	十个人 - shí ge rén - dix personnes<br>十点 - shí diǎn - dix heures<br>十块钱 - shí kuài qián - dix yuans<br>十号 - shí hào - le dix<br>十月 - shí yuè - octobre	chiffre,quotidien	[sound:hsk1_十.wav]
454-V	HSK 1	事	shì	affaire, chose	什么事？ - shénme shì? - Qu'est-ce que c'est ?<br>没事 - méi shì - /todo万事mmoins<br>有事吗？ - yǒu shì ma? - Y a-t-il quelque chose ?	nom,quotidien	[sound:hsk1_事.wav]
163-G	HSK 1	是	shì	être	我是学生 - wǒ shì xuésheng - Je suis étudiant<br>这是什么？ - zhè shì shénme? - Qu'est-ce que c'est ?<br>他不是老师 - tā bú shì lǎoshī - il n'est pas professeur<br>今天是星期一 - jīntiān shì xīngqī yī - aujourd'hui c'est lundi<br>是你告诉我的 - shì nǐ gàosu wǒ de - tu me l'as dit	grammaire,quotidien	[sound:hsk1_是.wav]
486-V	HSK 1	时候	shíhou	moment	什么时候？ - shénme shíhou? - quand ?<br>那时候 - nà shíhou - à l'époque<br>有时候 - yǒu shíhou - parfois	nom,temps	[sound:hsk1_时候.wav]
471-V	HSK 1	时间	shíjiān	temps	有时间 - yǒu shíjiān - il y a du temps<br>什么时间？ - shénme shíjiān? - quelle heure est-il ?<br>没时间 - méi shíjiān - pas de temps	nom,temps	[sound:hsk1_时间.wav]
189-V	HSK 1	手机	shǒujī	téléphone portable	我的手机 - wǒ de shǒujī - Mon téléphone<br>手机号码 - shǒujī hàomǎ - numéro de téléphone<br>你的手机号是多少？ - nǐ de shǒujī hào shì duōshao? - Quel est ton numéro de téléphone ?<br>我忘了带手机 - wǒ wàng le dài shǒujī - J'ai oublié mon téléphone<br>手机在哪儿？ - shǒujī zài nǎr? - Où est mon téléphone ?	technologie,communication,quotidien	[sound:hsk1_手机.wav]
193-V	HSK 1	书	shū	livre	看书 - kàn shū - Lire des livres<br>一本书 - yì běn shū - un livre<br>这本书很好看 - zhè běn shū hěn hǎokàn - Cette livre est très beau<br>买书 - mǎi shū - Acheter des livres<br>图书馆 - túshūguǎn - Bibliothèque	étude,loisir	[sound:hsk1_书.wav]
347-V	HSK 1	书店	shūdiàn	librairie	去书店 - qù shūdiàn - Aller à la librairie<br>书店在哪儿？ - shūdiàn zài nǎr? - Où est la librairie ?<br>附近有书店吗？ - fùjìn yǒu shūdiàn ma? - Y a-t-il une librairie nearby ?	lieu,shopping	[sound:hsk1_书店.wav]
317-V	HSK 1	睡	shuì	dormir	睡觉 - shuì jiào - Dormir<br>睡着了 - shuì zháo le - Endormi<br>睡得好 - shuì de hǎo - Bien dormi	verbe,quotidien	[sound:hsk1_睡.wav]
049-V	HSK 1	水	shuǐ	eau	喝水 - hē shuǐ - Je bois de l'eau<br>一杯水 - yì bēi shuǐ - Une tasse d'eau<br>我要一瓶水 - wǒ yào yì píng shuǐ - Je veux une bouteille d'eau<br>多喝水 - duō hē shuǐ - Bois plus d'eau<br>开水还是冷水？ - kāishuǐ háishi lěngshuǐ? - Thermale ou froide ?	boisson,quotidien,santé	[sound:hsk1_水.wav]
042-V	HSK 1	水果	shuǐguǒ	fruits	吃水果 - chī shuǐguǒ - mange des fruits<br>你喜欢什么水果？ - nǐ xǐhuan shénme shuǐguǒ? - Quel fruit préfères-tu ?<br>我每天吃水果 - wǒ měitiān chī shuǐguǒ - Je mange des fruits tous les jours<br>这个水果多少钱一斤？ - zhège shuǐguǒ duōshao qián yì jīn? - Ce fruit coûte combien le kilo ?<br>水果很贵 - shuǐguǒ hěn guì - Les fruits sont chers	nourriture,santé,shopping	[sound:hsk1_水果.wav]
014-V	HSK 1	睡觉	shuìjiào	dormir	我想睡觉 - wǒ xiǎng shuì jiào - Je veux dormir<br>你几点睡觉？ - nǐ jǐ diǎn shuì jiào? - À quelle heure tu dors ?<br>昨天我睡得很晚 - zuótiān wǒ shuì de hěn wǎn - Hier, j'ai dormi très tard<br>晚上我睡不着 - wǎnshang wǒ shuì bu zháo - Le soir, je ne peux pas dormir<br>周末我喜欢睡懒觉 - zhōumò wǒ xǐhuan shuì lǎnjiào - Le week-end, j'aime dormir tard	verbe,quotidien,santé	[sound:hsk1_睡觉.wav]
008-V	HSK 1	说	shuō	dire, parler	说话 - shuō huà - Parler<br>你说什么？ - nǐ shuō shénme? - Qu'est-ce que tu dis ?<br>我会说一点儿中文 - wǒ huì shuō yìdiǎnr zhōngwén - Je peux parler un peu de chinois.<br>他说得很快 - tā shuō de hěn kuài - Il parle vite.<br>老师说明天不上课 - lǎoshī shuō míngtiān bú shàng kè - Le professeur dit qu'il n'y aura pas de cours demain.	verbe,communication,quotidien	[sound:hsk1_说.wav]
344-V	HSK 1	说话	shuōhuà	parler	说话 - shuō huà - Parler<br>跟他说话 - gēn tā shuō huà - Parle avec lui<br>别说话 - bié shuō huà - Ne parle pas	verbe,communication	[sound:hsk1_说话.wav]
144-V	HSK 1	四	sì	quatre	四个人 - sì ge rén - quatre personnes<br>四点 - sì diǎn - quatre heures<br>星期四 - xīngqī sì - jeudi<br>四十 - sìshí - quarante<br>四号 - sì hào - quatre	chiffre,quotidien	[sound:hsk1_四.wav]
254-V	HSK 1	岁	suì	ans (âge)	我18岁 - wǒ shíbā suì - j'ai-18-ans<br>你多大了？ - nǐ duō dà le? - Combien d'années as-tu ?<br>他20岁 - tā èrshí suì - il-a-20-ans<br>几岁了？ - jǐ suì le? - combien-d'années-as-tu ?<br>一岁 - yí suì - un-an	quotidien,âge	[sound:hsk1_岁.wav]
129-V	HSK 1	他	tā	il, lui	他是谁？ - tā shì shéi? - Qui est-il ?<br>他很忙 - tā hěn máng - Il est très occupé<br>他们是学生 - tāmen shì xuésheng - Ils sont des étudiants<br>他不喜欢咖啡 - tā bù xǐhuan kāfēi - Il ne aime pas le café<br>他比我高 - tā bǐ wǒ gāo - Il est plus grand que moi	pronom,quotidien	[sound:hsk1_他.wav]
557-V	HSK 1	它	tā	il/elle (chose)	它在哪儿？ - tā zài nǎr? - Où est-ce ?<br>它很可爱 - tā hěn kě'ài - Il est très mignon	pronom	[sound:hsk1_它.wav]
130-V	HSK 1	她	tā	elle	她是谁？ - tā shì shéi? - Qui est elle ?<br>她很漂亮 - tā hěn piàoliang - Elle est très jolie<br>她们是学生 - tāmen shì xuésheng - Elles sont étudiantes<br>她不喜欢咖啡 - tā bù xǐhuan kāfēi - Elle n'aime pas le café<br>她比我高 - tā bǐ wǒ gāo - Elle est plus grande que moi	pronom,quotidien	[sound:hsk1_她.wav]
435-V	HSK 1	太	tài	trop	太好了 - tài hǎo le - C'est génial<br>太贵了 - tài guì le - Trop cher<br>太热了 - tài rè le - Trop chaud	adverbe,degré	[sound:hsk1_太.wav]
133-V	HSK 1	他们	tāmen	ils, eux	他们是谁？ - tāmen shì shéi? - Qui sont eux ?<br>他们是学生 - tāmen shì xuésheng - Ils sont des étudiants<br>他们都很忙 - tāmen dōu hěn máng - Ils sont très occupés<br>他们去哪儿了？ - tāmen qù nǎr le? - Où étaient-ils allés ?<br>这是他们的 - zhè shì tāmen de - C'est à eux	pronom,quotidien	[sound:hsk1_他们.wav]
1872-V	HSK 1	它们	tāmen	ils, elles (choses/animaux)	它们很可爱 - tāmen hěn kě'ài - Ils sont très mignons<br>它们在哪儿？ - tāmen zài nǎr? - Où sont-ils ?<br>这些书，我都看过它们 - zhèxiē shū, wǒ dōu kàn guò tāmen - Ces livres, je les ai tous lus	pronom,pluriel,grammaire	[sound:hsk1_它们.wav]
553-V	HSK 1	她们	tāmen	elles	她们是学生 - tāmen shì xuésheng - Elles sont étudiantes<br>她们都 - tāmen dōu - Elles ont toutes<br>问她们 - wèn tāmen - Demandez-leur	pronom	[sound:hsk1_她们.wav]
073-V	HSK 1	天	tiān	jour, ciel	今天 - jīntiān - aujourd'hui<br>天气 - tiānqì - temps<br>每天 - měitiān - chaque jour<br>一天 - yì tiān - un jour<br>三天 - sān tiān - trois jours	temps,quotidien	[sound:hsk1_天.wav]
204-V	HSK 1	天气	tiānqì	temps (météo)	天气很好 - tiānqì hěn hǎo - le temps est très bon<br>今天天气怎么样？ - jīntiān tiānqì zěnmeyàng? - Quel temps fait-il aujourd'hui ?<br>天气很冷 - tiānqì hěn lěng - Le temps est très froid<br>天气预报 - tiānqì yùbào - prévision météo<br>明天天气会好 - míngtiān tiānqì huì hǎo - Le temps sera meilleur demain	météo,quotidien	[sound:hsk1_天气.wav]
009-V	HSK 1	听	tīng	écouter	听音乐 - tīng yīnyuè - Écouter de la musique.<br>我听不懂 - wǒ tīng bù dǒng - Je ne comprends pas.<br>你在听什么？ - nǐ zài tīng shénme? - Qu'est-ce que tu écoutes ?<br>我喜欢听中国歌 - wǒ xǐhuan tīng zhōngguó gē - J'aime écouter des chansons chinoises.<br>听说你要去上海 - tīngshuō nǐ yào qù shànghǎi - J'ai entendu que tu vas à Shanghai.	verbe,communication,loisir	[sound:hsk1_听.wav]
455-V	HSK 1	听见	tīngjiàn	entendre	听见了 - tīngjiàn le - J'ai entendu<br>你听见了吗？ - nǐ tīngjiàn le ma? - As-tu entendu ?<br>我没听见 - wǒ méi tīngjiàn - Je n'ai pas entendu	verbe,communication	[sound:hsk1_听见.wav]
242-V	HSK 1	同学	tóngxué	camarade de classe	他是我同学 - tā shì wǒ tóngxué - C'est mon camarade de classe<br>同学们 - tóngxuémen - Mes camarades de classe<br>老同学 - lǎo tóngxué - Anciens camarades de classe<br>大学同学 - dàxué tóngxué - Camarades de l'université<br>同学好 - tóngxué hǎo - Salut les camarades	relation,étude	[sound:hsk1_同学.wav]
268-V	HSK 1	外	wài	dehors	外面 - wàimiàn - dehors<br>在外面 - zài wàimiàn - dehors<br>外国 - wàiguó - étranger<br>国外 - guówài - à l'étranger<br>外语 - wàiyǔ - étrangère	direction,quotidien	[sound:hsk1_外.wav]
406-V	HSK 1	外边	wàibian	dehors	在外边 - zài wàibian - dehors<br>外边冷 - wàibian lěng - froid dehors<br>到外边去 - dào wàibian qù - sortir dehors	position,lieu	[sound:hsk1_外边.wav]
023-V	HSK 1	玩	wán	jouer, s'amuser	玩儿 - wánr - jouer<br>出去玩儿 - chūqu wánr - Sortir pour jouer<br>我想去玩儿 - wǒ xiǎng qù wánr - Je veux aller jouer<br>周末你去哪儿玩儿？ - zhōumò nǐ qù nǎr wánr? - Où allez-vous jouer ce week-end ?<br>玩得开心 - wán de kāixīn - S'amuser	verbe,loisir,quotidien	[sound:hsk1_玩.wav]
275-V	HSK 1	晚	wǎn	tard	很晚 - hěn wǎn - Très tard<br>晚上 - wǎnshang - soirée<br>睡得很晚 - shuì de hěn wǎn - Dormir très tard<br>晚一点儿 - wǎn yìdiǎnr - Un peu plus tard<br>晚饭 - wǎnfàn - Souper	temps,quotidien	[sound:hsk1_晚.wav]
323-V	HSK 1	晚饭	wǎnfàn	dîner	吃晚饭 - chī wǎnfàn - Dîner<br>晚饭吃什么？ - wǎnfàn chī shénme? - Qu'est-ce qu'on mange pour le dîner ?<br>做晚饭 - zuò wǎnfàn - Préparer le dîner	nourriture,quotidien	[sound:hsk1_晚饭.wav]
066-V	HSK 1	晚上	wǎnshang	soir	晚上好 - wǎnshang hǎo - Bonne soirée<br>晚上见 - wǎnshang jiàn - À demain<br>晚上我在家 - wǎnshang wǒ zài jiā - Le soir je suis à la maison<br>你晚上有空吗？ - nǐ wǎnshang yǒu kòng ma? - Tu as du temps le soir ?<br>每天晚上我看一小时书 - měitiān wǎnshang wǒ kàn yì xiǎoshí shū - Chaque soir, je lis une heure.	temps,quotidien	[sound:hsk1_晚上.wav]
1873-V	HSK 1	喂1	wèi	allô; hé ! (interjection)	喂，你好！ - wèi, nǐ hǎo! - Allô, bonjour !<br>喂，请问是小王吗？ - wèi, qǐngwèn shì xiǎo wáng ma? - Allô, c'est Xiao Wang ?<br>喂，我找李老师 - wèi, wǒ zhǎo lǐ lǎoshī - Allô, je cherche le professeur Li	interjection,téléphone,salutation	[sound:hsk1_喂.wav]
029-V	HSK 1	问	wèn	demander	问问题 - wèn wèntí - Poser une question<br>我想问你一个问题 - wǒ xiǎng wèn nǐ yí ge wèntí - J'ai envie de te poser une question<br>问路 - wèn lù - Demander l'adresse<br>请问，厕所在哪儿？ - qǐngwèn, cèsuǒ zài nǎr? - Pouvez-vous me dire où se trouve les toilettes ?<br>有问题就问我 - yǒu wèntí jiù wèn wǒ - Demandez-moi si vous avez des problèmes	verbe,communication,politesse	[sound:hsk1_问.wav]
1242-V	HSK 1	问题	wèntí	problème	有问题 - yǒu wèntí - il y a des problèmes<br>解决问题 - jiějué wèntí - résoudre un problème<br>问题严重 - wèntí yánzhòng - le problème est grave	travail	[sound:hsk1_问题.wav]
127-V	HSK 1	我	wǒ	je, moi	我是学生 - wǒ shì xuésheng - Je suis étudiant<br>我叫... - wǒ jiào... - Je m'appelle...<br>我很高兴 - wǒ hěn gāoxìng - Je suis heureux<br>我爱你 - wǒ ài nǐ - Je t'aime<br>我自己做的 - wǒ zìjǐ zuò de - C'est moi qui l'ai fait	pronom,quotidien	[sound:hsk1_我.wav]
131-V	HSK 1	我们	wǒmen	nous	我们是朋友 - wǒmen shì péngyou - Nous sommes amis<br>我们一起去吧 - wǒmen yìqǐ qù ba - Allons-y ensemble<br>我们都喜欢中国菜 - wǒmen dōu xǐhuan zhōngguó cài - Nous aimons tous la cuisine chinoise<br>我们明天见 - wǒmen míngtiān jiàn - Nous nous verrons demain<br>这是我们的教室 - zhè shì wǒmen de jiàoshì - C'est notre salle de classe	pronom,quotidien	[sound:hsk1_我们.wav]
145-V	HSK 1	五	wǔ	cinq	五个人 - wǔ ge rén - cinq personnes<br>五点 - wǔ diǎn - cinq heures<br>星期五 - xīngqī wǔ - vendredi<br>五十 - wǔshí - cinquante<br>五号 - wǔ hào - cinq heures	chiffre,quotidien	[sound:hsk1_五.wav]
396-V	HSK 1	午饭	wǔfàn	déjeuner	吃午饭 - chī wǔfàn - déjeuner<br>午饭吃什么？ - wǔfàn chī shénme? - à quoi manger pour le déjeuner ?<br>午饭时间 - wǔfàn shíjiān - heure du déjeuner	nourriture,quotidien	[sound:hsk1_午饭.wav]
266-V	HSK 1	下	xià	dessous	下面 - xiàmiàn - en bas<br>在桌子下 - zài zhuōzi xià - sous la table<br>下车 - xià chē - descendre<br>下班 - xià bān - rentrer du travail<br>下课 - xià kè - sortir de classe	direction,quotidien	[sound:hsk1_下.wav]
205-V	HSK 1	下雨	xià yǔ	pleuvoir	下雨了 - xià yǔ le - il pleut<br>今天下雨 - jīntiān xià yǔ - Il pleut aujourd'hui<br>要下雨了 - yào xià yǔ le - Il va pleuvoir<br>下大雨 - xià dà yǔ - il pleut fort<br>明天会下雨吗？ - míngtiān huì xià yǔ ma? - pleuvra-t-il demain ?	météo,quotidien	[sound:hsk1_下雨.wav]
309-V	HSK 1	下班	xiàbān	finir le travail	几点下班？ - jǐ diǎn xià bān? - À quelle heure pars-tu du travail ?<br>下班了 - xià bān le - Il est temps de partir travailler<br>下班后 - xià bān hòu - Après le travail	verbe,travail,quotidien	[sound:hsk1_下班.wav]
368-V	HSK 1	下课	xiàkè	finir le cours	几点下课？ - jǐ diǎn xià kè? - à quelle heure la classe est-elle terminée ?<br>下课了 - xià kè le - la classe est finie<br>下课后 - xià kè hòu - après la classe	verbe,étude,quotidien	[sound:hsk1_下课.wav]
171-G	HSK 1	想	xiǎng	vouloir, penser	我想去 - wǒ xiǎng qù - Je veux y aller.<br>你想吃什么？ - nǐ xiǎng chī shénme? - que veux-tu manger ?<br>我想学中文 - wǒ xiǎng xué zhōngwén - J'aimerais apprendre le chinois.<br>我想我妈妈了 - wǒ xiǎng wǒ māma le - Je pense à ma mère.<br>我不想去 - wǒ bù xiǎng qù - Je ne veux pas y aller.	grammaire,quotidien	[sound:hsk1_想.wav]
365-V	HSK 1	先生	xiānsheng	monsieur	王先生 - wáng xiānsheng - Monsieur Wang<br>先生好 - xiānsheng hǎo - bonjour monsieur<br>这位先生 - zhè wèi xiānsheng - ce monsieur	nom,politesse,personne	[sound:hsk1_先生.wav]
060-V	HSK 1	现在	xiànzài	maintenant	现在几点？ - xiànzài jǐ diǎn? - quelle heure est-il ?<br>我现在很忙 - wǒ xiànzài hěn máng - je suis très occupé maintenant<br>你现在在哪儿？ - nǐ xiànzài zài nǎr? - où es-tu maintenant ?<br>现在我在学习 - xiànzài wǒ zài xuéxí - je suis en train d'étudier maintenant<br>从现在开始 - cóng xiànzài kāishǐ - commençons à présent	temps,quotidien	[sound:hsk1_现在.wav]
095-V	HSK 1	小	xiǎo	petit	很小 - hěn xiǎo - C'est petit<br>小狗 - xiǎo gǒu - Chien de compagnie<br>这个房间太小了 - zhège fángjiān tài xiǎo le - Ce chambre est trop petite<br>我弟弟很小 - wǒ dìdi hěn xiǎo - Mon frère est petit<br>从小我就喜欢音乐 - cóng xiǎo wǒ jiù xǐhuan yīnyuè - Depuis jeune, j'aime la musique	adjectif,quotidien	[sound:hsk1_小.wav]
551-V	HSK 1	小朋友	xiǎopéngyǒu	petit ami/enfant	小朋友们 - xiǎo péngyoumen - Les enfants<br>小朋友好 - xiǎo péngyou hǎo - Bonjour les enfants<br>那个小朋友 - nàge xiǎo péngyou - Ce petit enfant	nom,personne	[sound:hsk1_小朋友.wav]
074-V	HSK 1	小时	xiǎoshí	heure (durée)	一个小时 - yí ge xiǎoshí - une heure<br>两个小时 - liǎng ge xiǎoshí - deux heures<br>半小时 - bàn xiǎoshí - moitié d'heure<br>几个小时？ - jǐ ge xiǎoshí? - combien d'heures ?<br>我学了三个小时 - wǒ xué le sān ge xiǎoshí - j'ai appris pendant trois heures	temps,quotidien	[sound:hsk1_小时.wav]
340-V	HSK 1	小学	xiǎoxué	école primaire	上小学 - shàng xiǎoxué - aller à l'école primaire<br>小学生 - xiǎoxuéshēng - Élève élémentaire<br>我的小学 - wǒ de xiǎoxué - ma école primaire	nom,étude	[sound:hsk1_小学.wav]
388-V	HSK 1	小学生	xiǎoxuéshēng	élève du primaire	我是小学生 - wǒ shì xiǎoxuéshēng - je suis élève elementary<br>很多小学生 - hěn duō xiǎoxuéshēng - de nombreux élèves elementary<br>小学生的生活 - xiǎoxuéshēng de shēnghuó - la vie des élèves elementary	nom,personne,étude	[sound:hsk1_小学生.wav]
065-V	HSK 1	下午	xiàwǔ	après-midi	下午好 - xiàwǔ hǎo - Bon après-midi<br>下午我去商店 - xiàwǔ wǒ qù shāngdiàn - Je vais au magasin cet après-midi<br>今天下午有会 - jīntiān xiàwǔ yǒu huì - Il y a une réunion cet après-midi<br>下午三点我有约 - xiàwǔ sān diǎn wǒ yǒu yuē - J'ai rendez-vous à 3 heures de l'après-midi<br>每个下午我都休息 - měi ge xiàwǔ wǒ dōu xiūxi - Chaque après-midi, je me repose	temps,quotidien	[sound:hsk1_下午.wav]
010-V	HSK 1	写	xiě	écrire	写字 - xiě zì - Écrire.<br>我在写作业 - wǒ zài xiě zuòyè - Je fais mes devoirs.<br>你会写汉字吗？ - nǐ huì xiě hànzì ma? - Tu peux écrire des caractères chinois ?<br>请写下你的名字 - qǐng xiě xià nǐ de míngzi - Veuillez écrire votre nom<br>我给妈妈写了一封信 - wǒ gěi māma xiě le yì fēng xìn - J'ai écrit une lettre à ma mère	verbe,communication,étude	[sound:hsk1_写.wav]
441-V	HSK 1	些	xiē	quelques (classificateur)	一些 - yìxiē - Un peu<br>这些 - zhèxiē - Ces derniers<br>那些 - nàxiē - Ceux-là	classificateur,quantité	[sound:hsk1_些.wav]
184-V	HSK 1	谢谢	xièxie	merci	谢谢 - xièxie - Merci<br>谢谢你 - xièxie nǐ - Merci à vous<br>非常感谢 - fēicháng gǎnxiè - Très reconnaissant<br>多谢 - duōxiè - Merci<br>谢谢你的帮助 - xièxie nǐ de bāngzhù - Merci pour votre aide	salutation,politesse	[sound:hsk1_谢谢.wav]
178-G	HSK 1	喜欢	xǐhuan	aimer	我喜欢你 - wǒ xǐhuan nǐ - Je t'aime<br>你喜欢什么？ - nǐ xǐhuan shénme? - Qu'aimerais-tu ?<br>我喜欢看电影 - wǒ xǐhuan kàn diànyǐng - J'aime regarder des films.<br>我不太喜欢 - wǒ bú tài xǐhuan - Je ne l'aime pas trop<br>她最喜欢红色 - tā zuì xǐhuan hóngsè - Elle aime le rouge le mieux	grammaire,quotidien	[sound:hsk1_喜欢.wav]
108-V	HSK 1	新	xīn	nouveau	很新 - hěn xīn - très neuf<br>新的 - xīn de - nouveau<br>买新衣服 - mǎi xīn yīfu - acheter de nouveaux vêtements<br>新年 - xīnnián - Nouvel an<br>新鲜 - xīnxiān - neuf et frais	adjectif,quotidien	[sound:hsk1_新.wav]
071-V	HSK 1	星期	xīngqī	semaine	星期一 - xīngqī yī - Lundi<br>星期天 - xīngqī tiān - dimanche<br>这个星期 - zhège xīngqī - cette semaine<br>下星期 - xià xīngqī - la semaine prochaine<br>上星期 - shàng xīngqī - la semaine dernière	temps,quotidien	[sound:hsk1_星期.wav]
1874-V	HSK 1	星期日	xīngqīrì	dimanche	今天星期日 - jīntiān xīngqīrì - Aujourd'hui c'est dimanche<br>星期日我休息 - xīngqīrì wǒ xiūxi - Je me repose le dimanche<br>星期日商店关门吗？ - xīngqīrì shāngdiàn guānmén ma? - Les magasins ferment-ils dimanche ?	nom,temps,jour	[sound:hsk1_星期日.wav]
1875-V	HSK 1	星期天	xīngqītiān	dimanche	星期天你做什么？ - xīngqītiān nǐ zuò shénme? - Que fais-tu dimanche ?<br>我星期天去公园 - wǒ xīngqītiān qù gōngyuán - Je vais au parc dimanche<br>星期天我们一起吃饭吧 - xīngqītiān wǒmen yìqǐ chīfàn ba - Mangeons ensemble dimanche	nom,temps,jour	[sound:hsk1_星期天.wav]
326-V	HSK 1	休息	xiūxi	se reposer	休息一下 - xiūxi yíxià - s'asseoir et se reposer<br>我要休息 - wǒ yào xiūxi - Je veux me reposer<br>休息好了吗？ - xiūxi hǎo le ma? - As-tu bien dormi ?	verbe,quotidien,santé	[sound:hsk1_休息.wav]
360-V	HSK 1	学	xué	étudier	学中文 - xué zhōngwén - Apprendre le chinois<br>学习 - xuéxí - Apprendre<br>学会 - xuéhuì - Apprendre	verbe,étude	[sound:hsk1_学.wav]
1876-V	HSK 1	雪	xuě	neige	下雪了 - xià xuě le - Il neige<br>雪很白 - xuě hěn bái - La neige est très blanche<br>北京冬天常常下雪 - běijīng dōngtiān chángcháng xià xuě - Il neige souvent à Pékin en hiver	nom,météo,nature	[sound:hsk1_雪.wav]
240-V	HSK 1	学生	xuéshēng	étudiant	我是学生 - wǒ shì xuésheng - Je suis étudiant<br>他是学生 - tā shì xuésheng - Il est étudiant<br>大学生 - dàxuésheng - Étudiant universitaire<br>中学生 - zhōngxuésheng - Étudiant secondaire<br>小学生 - xiǎoxuésheng - Élève élémentaire	profession,étude	[sound:hsk1_学生.wav]
012-V	HSK 1	学习	xuéxí	étudier, apprendre	学习中文 - xuéxí zhōngwén - Apprendre le chinois<br>我在学习做饭 - wǒ zài xuéxí zuò fàn - Je apprends à cuisiner<br>你学习什么专业？ - nǐ xuéxí shénme zhuānyè? - Quelle spécialité étudiez-vous ?<br>我每天学习两个小时 - wǒ měitiān xuéxí liǎng ge xiǎoshí - Je étudie deux heures par jour.<br>他学习很努力 - tā xuéxí hěn nǔlì - Il étudie très dur	verbe,étude,quotidien	[sound:hsk1_学习.wav]
077-V	HSK 1	学校	xuéxiào	école	去学校 - qù xuéxiào - Aller à l'école<br>在学校 - zài xuéxiào - À l'école<br>我们学校很大 - wǒmen xuéxiào hěn dà - Notre établissement d'enseignement est vaste<br>你在哪个学校学习？ - nǐ zài nǎge xuéxiào xuéxí? - Dans quel établissement d'enseignement travailles-tu ?<br>从家到学校要半小时 - cóng jiā dào xuéxiào yào bàn xiǎoshí - Il faut environ trente minutes pour se rendre de la maison à l'école	lieu,étude	[sound:hsk1_学校.wav]
174-G	HSK 1	要	yào	vouloir, devoir	我要这个 - wǒ yào zhège - Je veux celui-ci<br>你要什么？ - nǐ yào shénme? - Qu'est-ce que tu veux ?<br>我要去北京 - wǒ yào qù běijīng - Je vais à Beijing<br>要下雨了 - yào xià yǔ le - Il va pleuvoir<br>我不要 - wǒ bú yào - Je ne veux pas	grammaire,quotidien	[sound:hsk1_要.wav]
278-V	HSK 1	也	yě	aussi	我也是 - wǒ yě shì - Je aussi<br>他也去 - tā yě qù - Il y va aussi.<br>也喜欢 - yě xǐhuan - Aimé également<br>也不 - yě bù - tampèt<br>也没有 - yě méiyǒu - Il n'y a pas	grammaire,quotidien	[sound:hsk1_也.wav]
141-V	HSK 1	一	yī	un	一个人 - yí ge rén - un homme<br>第一 - dì yī - premier<br>一起 - yìqǐ - ensemble<br>一点儿 - yìdiǎnr - un peu<br>一边...一边... - yìbiān...yìbiān... - en...en...	chiffre,quotidien	[sound:hsk1_一.wav]
311-V	HSK 1	一半	yíbàn	moitié	一半时间 - yíbàn shíjiān - Une moitié du temps<br>吃了一半 - chī le yíbàn - Mangé la moitié<br>一半的人 - yíbàn de rén - La moitié des personnes	quantité,quotidien	[sound:hsk1_一半.wav]
298-V	HSK 1	一点儿	yìdiǎnr	un peu	一点儿水 - yìdiǎnr shuǐ - un peu d'eau<br>一点儿都不 - yìdiǎnr dōu bù - pas du tout<br>慢一点儿 - màn yìdiǎnr - un peu plus lentement<br>好一点儿 - hǎo yìdiǎnr - un peu mieux<br>贵一点儿 - guì yìdiǎnr - un peu plus cher	grammaire,quotidien	[sound:hsk1_一点儿.wav]
195-V	HSK 1	衣服	yīfu	vêtements	穿衣服 - chuān yīfu - Se vêtir<br>买衣服 - mǎi yīfu - Acheter des vêtements<br>洗衣服 - xǐ yīfu - Laver du linge.<br>新衣服 - xīn yīfu - Nouvelles tenues<br>这件衣服很漂亮 - zhè jiàn yīfu hěn piàoliang - Cette robe est très jolie	vêtements,quotidien	[sound:hsk1_衣服.wav]
237-V	HSK 1	医生	yīshēng	médecin	看医生 - kàn yīshēng - Voir un médecin<br>他是医生 - tā shì yīshēng - Il est médecin<br>医生说 - yīshēng shuō - Le médecin dit<br>找医生 - zhǎo yīshēng - Trouver un médecin<br>好医生 - hǎo yīshēng - Meilleur médecin	profession,santé	[sound:hsk1_医生.wav]
297-V	HSK 1	一下	yíxià	un peu (action brève)	看一下 - kàn yíxià - regardons un peu<br>等一下 - děng yíxià - Attends un moment.<br>试一下 - shì yíxià - essayons un peu<br>问一下 - wèn yíxià - demandons un peu<br>想一下 - xiǎng yíxià - réfléchissons un peu	grammaire,quotidien	[sound:hsk1_一下.wav]
328-V	HSK 1	一些	yìxiē	quelques, certains	一些人 - yìxiē rén - quelques personnes<br>一些问题 - yìxiē wèntí - quelques problèmes<br>买一些水果 - mǎi yìxiē shuǐguǒ - acheter des fruits	quantité,grammaire	[sound:hsk1_一些.wav]
078-V	HSK 1	医院	yīyuàn	hôpital	去医院 - qù yīyuàn - Au hôpital<br>我要去医院看医生 - wǒ yào qù yīyuàn kàn yīshēng - Je vais au hôpital voir le médecin<br>医院在哪儿？ - yīyuàn zài nǎr? - Où se trouve le hôpital ?<br>他在医院工作 - tā zài yīyuàn gōngzuò - Il travaille à l'hôpital<br>最近的医院离这儿不远 - zuìjìn de yīyuàn lí zhèr bù yuǎn - Le plus proche hôpital est pas loin d'ici	lieu,santé	[sound:hsk1_医院.wav]
222-V	HSK 1	椅子	yǐzi	chaise	坐椅子 - zuò yǐzi - s'asseoir sur une chaise<br>一把椅子 - yì bǎ yǐzi - une chaise<br>椅子很舒服 - yǐzi hěn shūfu - la chaise est confortable<br>请坐这把椅子 - qǐng zuò zhè bǎ yǐzi - votre place, s'il vous plaît<br>办公椅 - bàngōng yǐ - chaise de bureau	meuble,quotidien	[sound:hsk1_椅子.wav]
164-G	HSK 1	有	yǒu	avoir, il y a	我有一个朋友 - wǒ yǒu yí ge péngyou - j'ai un ami<br>你有钱吗？ - nǐ yǒu qián ma? - as-tu de l'argent ?<br>我没有时间 - wǒ méiyǒu shíjiān - je n'ai pas de temps<br>这儿有很多人 - zhèr yǒu hěn duō rén - il y a beaucoup de gens ici<br>明天有课吗？ - míngtiān yǒu kè ma? - on a cours demain ?	grammaire,quotidien	[sound:hsk1_有.wav]
369-V	HSK 1	有的	yǒude	certains	有的人 - yǒude rén - certains personnes<br>有的...有的... - yǒude...yǒude... - certains...certains...<br>有的好，有的不好 - yǒude hǎo, yǒude bù hǎo - certains sont bons, d'autres pas si bien	pronom,quantité	[sound:hsk1_有的.wav]
1877-V	HSK 1	有些	yǒuxiē	certains, quelques	有些人 - yǒuxiē rén - Certaines personnes<br>有些东西很贵 - yǒuxiē dōngxi hěn guì - Certaines choses sont chères<br>有些问题我不懂 - yǒuxiē wèntí wǒ bù dǒng - Certaines questions je ne comprends pas	pronom,quantité,indéfini	[sound:hsk1_有些.wav]
1878-V	HSK 1	有（一）点儿	yǒu(yì)diǎnr	un peu (sens négatif)	有点儿累 - yǒudiǎnr lèi - Un peu fatigué<br>今天有点儿冷 - jīntiān yǒudiǎnr lěng - Il fait un peu froid aujourd'hui<br>这个菜有点儿辣 - zhège cài yǒudiǎnr là - Ce plat est un peu épicé	adverbe,quantité,grammaire	[sound:hsk1_有一点儿.wav]
487-V	HSK 1	雨	yǔ	pluie	下雨 - xià yǔ - la pluie<br>大雨 - dà yǔ - une grande pluie<br>小雨 - xiǎo yǔ - une petite pluie	nom,météo	[sound:hsk1_雨.wav]
258-V	HSK 1	元	yuán	yuan	五元 - wǔ yuán - Cinq yuans<br>十元 - shí yuán - Dix yuans<br>一百元 - yì bǎi yuán - Cent yuans<br>多少元？ - duōshao yuán? - Combien de dollars ?<br>三十元 - sānshí yuán - Trente yens	argent,shopping	[sound:hsk1_元.wav]
070-V	HSK 1	月	yuè	mois	一月 - yī yuè - Janvier<br>这个月 - zhège yuè - Ce mois-ci<br>下个月 - xià ge yuè - Le mois prochain<br>上个月 - shàng ge yuè - Le mois dernier<br>一年有十二个月 - yì nián yǒu shí'èr ge yuè - Il y a douze mois dans une année	temps,quotidien	[sound:hsk1_月.wav]
319-V	HSK 1	再	zài	encore, à nouveau	再见 - zàijiàn - Au revoir<br>再来一次 - zài lái yí cì - Encore une fois<br>再说一遍 - zài shuō yí biàn - Répétez encore	adverbe,temps	[sound:hsk1_再.wav]
165-G	HSK 1	在	zài	être à, en train de	我在家 - wǒ zài jiā - je suis à la maison<br>在哪儿？ - zài nǎr? - où es-tu ?<br>我在学习 - wǒ zài xuéxí - je suis en train d'étudier<br>书在桌子上 - shū zài zhuōzi shàng - le livre est sur le bureau<br>他现在在开会 - tā xiànzài zài kāihuì - il est en réunion maintenant	grammaire,quotidien	[sound:hsk1_在.wav]
183-V	HSK 1	再见	zàijiàn	au revoir	再见 - zàijiàn - Au revoir<br>明天见 - míngtiān jiàn - À demain<br>晚上见 - wǎnshang jiàn - À demain<br>一会儿见 - yíhuìr jiàn - À bientôt<br>回头见 - huítóu jiàn - À bientôt	salutation,politesse	[sound:hsk1_再见.wav]
274-V	HSK 1	早	zǎo	tôt	很早 - hěn zǎo - Très tôt<br>早上 - zǎoshang - Matin<br>起得很早 - qǐ de hěn zǎo - Se lever très tôt<br>早一点儿 - zǎo yìdiǎnr - Tôt un peu<br>早饭 - zǎofàn - petit-déjeuner	temps,quotidien	[sound:hsk1_早.wav]
439-V	HSK 1	早饭	zǎofàn	petit-déjeuner	吃早饭 - chī zǎofàn - Manger le petit déjeuner<br>早饭吃什么？ - zǎofàn chī shénme? - Qu'est-ce qu'on mange pour le petit déjeuner ?<br>做早饭 - zuò zǎofàn - Préparer le petit déjeuner	nourriture,quotidien	[sound:hsk1_早饭.wav]
067-V	HSK 1	早上	zǎoshang	matin	早上好 - zǎoshang hǎo - Bonjour le matin<br>早上我跑步 - zǎoshang wǒ pǎo bù - Je fais de l'exercice le matin<br>每天早上六点起床 - měitiān zǎoshang liù diǎn qǐ chuáng - À six heures du matin chaque jour, je me réveille.<br>明天早上见 - míngtiān zǎoshang jiàn - À demain le matin<br>早上吃什么？ - zǎoshang chī shénme? - Qu'est-ce que je mange le matin ?	temps,quotidien	[sound:hsk1_早上.wav]
139-V	HSK 1	怎么	zěnme	comment	怎么样？ - zěnmeyàng? - comment fait-on ?<br>怎么去？ - zěnme qù? - comment y aller ?<br>这个字怎么写？ - zhège zì zěnme xiě? - comment écrire ce mot ?<br>你怎么了？ - nǐ zěnme le? - que se passe-t-il ?<br>怎么会这样？ - zěnme huì zhèyàng? - pourquoi ainsi ?	question,quotidien	[sound:hsk1_怎么.wav]
300-V	HSK 1	怎么样	zěnmeyàng	comment (avis)	怎么样？ - zěnmeyàng? - comment fait-on ?<br>你觉得怎么样？ - nǐ juéde zěnmeyàng? - Qu'en penses-tu ?<br>天气怎么样？ - tiānqì zěnmeyàng? - Quel temps fait-il ?<br>味道怎么样？ - wèidào zěnmeyàng? - Quel goût ?<br>怎么样都行 - zěnmeyàng dōu xíng - Ça va	question,quotidien	[sound:hsk1_怎么样.wav]
026-V	HSK 1	找	zhǎo	chercher	找人 - zhǎo rén - trouver quelqu'un<br>我在找我的手机 - wǒ zài zhǎo wǒ de shǒujī - Je cherche mon téléphone<br>你找谁？ - nǐ zhǎo shéi? - Qui cherchez-vous ?<br>找工作 - zhǎo gōngzuò - Chercher un emploi<br>我找不到了 - wǒ zhǎo bú dào le - Je ne le trouve plus	verbe,quotidien,travail	[sound:hsk1_找.wav]
134-V	HSK 1	这	zhè	ceci, ce	这是什么？ - zhè shì shénme? - Qu'est-ce que c'est ?<br>这个 - zhège - Ceci<br>这里 - zhèlǐ - Ici<br>我要这个 - wǒ yào zhège - Je veux celui-ci<br>这么贵 - zhème guì - Si cher	démonstratif,quotidien	[sound:hsk1_这.wav]
504-V	HSK 1	这边	zhèbiān	par ici	在这边 - zài zhèbian - Ici<br>来这边 - lái zhèbian - Viens cette direction<br>这边走 - zhèbian zǒu - Aller ce côté.	pronom,lieu	[sound:hsk1_这边.wav]
561-V	HSK 1	这个	zhège	celui-ci	这个好 - zhège hǎo - c'est bien<br>我要这个 - wǒ yào zhège - Je veux celui-ci	pronom	[sound:hsk1_这个.wav]
493-V	HSK 1	这里	zhèlǐ	ici	在这里 - zài zhèlǐ - ici<br>到这里 - dào zhèlǐ - jusqu'ici<br>从这里 - cóng zhèlǐ - depuis ici	pronom,lieu	[sound:hsk1_这里.wav]
490-V	HSK 1	真	zhēn	vrai, vraiment	真的 - zhēn de - vrai<br>真好 - zhēn hǎo - vraiment bien<br>真漂亮 - zhēn piàoliang - très joli	adjectif,adverbe	[sound:hsk1_真.wav]
361-V	HSK 1	正在	zhèngzài	être en train de	正在吃饭 - zhèngzài chī fàn - On mange<br>正在工作 - zhèngzài gōngzuò - Travaillant<br>正在做 - zhèngzài zuò - Il est en train de faire	adverbe,temps	[sound:hsk1_正在.wav]
473-V	HSK 1	这儿	zhèr	ici	在这儿 - zài zhèr - ici<br>到这儿 - dào zhèr - arriver ici<br>来这儿 - lái zhèr - Viens ici	pronom,lieu	[sound:hsk1_这儿.wav]
475-V	HSK 1	这些	zhèxiē	ceux-ci, ces	这些人 - zhèxiē rén - ces gens<br>这些东西 - zhèxiē dōngxi - ces choses<br>这些书 - zhèxiē shū - ces livres	pronom,quantité	[sound:hsk1_这些.wav]
1059-V	HSK 1	只	zhī	classificateur (animaux, un d’une paire…)	一只猫 - yì zhī māo - un chat<br>两只鞋 - liǎng zhī xié - deux chaussures<br>三只鸟 - sān zhī niǎo - trois oiseaux	classificateur	[sound:hsk1_只.wav]
180-G	HSK 1	知道	zhīdào	savoir	我知道 - wǒ zhīdào - Je sais<br>不知道 - bù zhīdào - Je ne sais pas.<br>你知道吗？ - nǐ zhīdào ma? - Sais-tu ?<br>我知道他的名字 - wǒ zhīdào tā de míngzi - Je sais son nom<br>谁知道呢 - shéi zhīdào ne - Qui sait ?	grammaire,communication	[sound:hsk1_知道.wav]
306-V	HSK 1	中国	Zhōngguó	Chine	中国人 - zhōngguó rén - Chinois<br>去中国 - qù zhōngguó - Aller en Chine<br>在中国 - zài zhōngguó - En Chine	lieu,pays,culture	[sound:hsk1_中国.wav]
315-V	HSK 1	中文	Zhōngwén	chinois (langue)	学中文 - xué zhōngwén - Apprendre le chinois<br>说中文 - shuō zhōngwén - dire le chinois<br>中文很难 - zhōngwén hěn nán - Le chinois est très difficile.	nom,langue,étude	[sound:hsk1_中文.wav]
068-V	HSK 1	中午	zhōngwǔ	midi	中午吃饭 - zhōngwǔ chī fàn - Je mange à midi<br>中午休息 - zhōngwǔ xiūxi - Je repose à midi<br>中午十二点 - zhōngwǔ shí'èr diǎn - Il est douze heures à midi<br>中午见 - zhōngwǔ jiàn - À midi, on se voit<br>中午吃什么？ - zhōngwǔ chī shénme? - Qu'est-ce que je mange à midi ?	temps,quotidien	[sound:hsk1_中午.wav]
392-V	HSK 1	中学	zhōngxué	collège/lycée	上中学 - shàng zhōngxué - je suis en lycée<br>中学生 - zhōngxuéshēng - Étudiant secondaire<br>我的中学 - wǒ de zhōngxué - mon lycée	nom,étude	[sound:hsk1_中学.wav]
367-V	HSK 1	中学生	zhōngxuéshēng	collégien/lycéen	我是中学生 - wǒ shì zhōngxuéshēng - je suis un étudiant en seconde<br>很多中学生 - hěn duō zhōngxuéshēng - de nombreux étudiants en seconde<br>中学生的生活 - zhōngxuéshēng de shēnghuó - la vie des élèves	nom,étude,personne	[sound:hsk1_中学生.wav]
393-V	HSK 1	住	zhù	habiter	住在哪儿？ - zhù zài nǎr? - où habites-tu ?<br>我住在北京 - wǒ zhù zài běijīng - j'habite à Beijing<br>住酒店 - zhù jiǔdiàn - Loger dans un hôtel	verbe,lieu,quotidien	[sound:hsk1_住.wav]
221-V	HSK 1	桌子	zhuōzi	table	在桌子上 - zài zhuōzi shàng - Sur le bureau<br>桌子很大 - zhuōzi hěn dà - Le bureau est<br>很大书在桌子上 - shū zài zhuōzi shàng - le livre est sur le bureau<br>餐桌 - cān zhuō - Table à manger<br>书桌 - shū zhuō - meuble de travail	meuble,quotidien	[sound:hsk1_桌子.wav]
348-V	HSK 1	字	zì	caractère	汉字 - hànzì - Hanzi<br>写字 - xiě zì - Écrire.<br>生字 - shēngzì - Mot nouveau	nom,étude	[sound:hsk1_字.wav]
017-V	HSK 1	坐	zuò	s'asseoir, prendre (transport)	请坐 - qǐng zuò - Asseyez-vous, s'il vous plaît.<br>坐地铁 - zuò dìtiě - prendre le métro<br>我坐公交车去上班 - wǒ zuò gōngjiāochē qù shàng bān - Je prends le bus pour aller au travail.<br>你坐哪儿？ - nǐ zuò nǎr? - Où t'assieds-tu ?<br>坐飞机去北京 - zuò fēijī qù běijīng - Prendre l'avion pour Pékin	verbe,déplacement,transport,politesse	[sound:hsk1_坐.wav]
007-V	HSK 1	做	zuò	faire	做什么 - zuò shénme - Qu'est-ce que tu fais ?<br>你做什么工作？ - nǐ zuò shénme gōngzuò? - Quel est ton métier ?<br>我在做饭 - wǒ zài zuò fàn - Je cuisine<br>今天你想做什么？ - jīntiān nǐ xiǎng zuò shénme? - Qu'est-ce que tu veux faire aujourd'hui ?<br>这个菜是我妈妈做的 - zhège cài shì wǒ māma zuò de - Ce plat est de ma mère.	verbe,quotidien,cuisine,travail	[sound:hsk1_做.wav]
1879-V	HSK 1	做饭	zuò fàn	cuisiner, faire la cuisine	我在做饭 - wǒ zài zuòfàn - Je cuisine<br>谁做饭？ - shéi zuòfàn? - Qui fait la cuisine ?<br>我妈妈做饭很好吃 - wǒ māma zuòfàn hěn hǎochī - Ma mère cuisine très bien	verbe,cuisine,quotidien	[sound:hsk1_做饭.wav]
063-V	HSK 1	昨天	zuótiān	hier	昨天很冷 - zuótiān hěn lěng - Hier, il faisait très froid<br>昨天我看了电影 - zuótiān wǒ kàn le diànyǐng - Hier, j'ai vu un film<br>昨天你去哪儿了？ - zuótiān nǐ qù nǎr le? - Où es-tu allé hier ?<br>昨天晚上我睡得很晚 - zuótiān wǎnshang wǒ shuì de hěn wǎn - Hier soir, je suis allé au lit tard<br>这是我昨天买的 - zhè shì wǒ zuótiān mǎi de - C'est ce que j'ai acheté hier	temps,quotidien	[sound:hsk1_昨天.wav]
